v3_feature,v4_feature,correlation
feature_aberdeen_tangled_providence,feature_smuggest_galvanic_memorial,1
feature_aberrant_frustrate_drosophila,feature_leprose_corroborant_incapacitation,0.9702079799201
feature_absent_herpetological_genitor,feature_emarginate_enigmatical_yiddish,0.99559677690643
feature_abstersive_emotional_misinterpreter,feature_torose_unspiritualised_kylie,1
feature_accessorial_aroused_crochet,feature_received_veiniest_tamarix,1
feature_accountable_ethnographic_counterexample,feature_reviving_mystifying_antwerp,0.997751545654347
feature_accusatory_disinfectant_deportment,feature_disprovable_topmost_burrower,0.748266798884621
feature_acerb_venusian_piety,feature_crooked_wally_lobation,0.931515828055324
feature_acoustical_infirm_ascent,feature_whiskered_unobjectionable_quintet,0.953531943523175
feature_acquirable_helvetic_tercel,feature_nutant_legatine_fairfax,0.999250515218116
feature_adducent_ailing_gene,feature_resorbent_unmurmuring_humoring,0.99643994728605
feature_adept_unsensitive_hieroglyph,feature_flauntier_forethoughtful_festival,0.967865839976712
feature_adventive_eristic_wedlock,feature_sematic_helminthoid_tricentenary,0.997938916849818
feature_adynamic_glossier_ghana,feature_suety_mystagogical_islamization,0.995128348917752
feature_aesthetical_daltonian_anemology,feature_alive_romansh_stinging,1
feature_affable_yellow_terne,feature_constrained_disused_perishable,0.996721004079256
feature_affined_pushier_haranguer,feature_ugly_admissible_firm,0.984541876373637
feature_affricative_bromic_raftsman,feature_unlivable_armenian_wedge,1
feature_afloat_brickiest_supernationalism,feature_interatomic_doggish_teutonisation,0.990912497019653
feature_aggrieved_rammish_tommy,feature_belittled_scenographic_antidisestablishmentarianism,0.993535693756248
feature_agile_unrespited_gaucho,feature_esculent_erotic_epoxy,0.998126288045289
feature_agronomic_cryptal_advisor,feature_translative_quantitative_eschewer,0.973674347036315
feature_airborne_genitival_cathouse,feature_tiptoe_decadent_statue,0.987446129903438
feature_aliped_subclavicular_nasopharynx,feature_craggier_windier_apologia,0.988101929087588
feature_alkaline_pistachio_sunstone,feature_professional_platonic_marten,0.984167133982695
feature_alleviatory_novercal_semivowel,feature_easterly_subtractive_faroese,0.935075880769275
feature_alloyed_copyright_protium,feature_adventive_isohyetal_newshawk,0.989319841858149
feature_aloetic_presented_scarer,feature_handled_crescent_ciselure,0.997002060872463
feature_altern_unnoticed_impregnation,feature_refractory_topped_dependance,0.998594716033967
feature_ambisexual_boiled_blunderer,feature_revitalizing_rutilant_swastika,1
feature_amoebaean_wolfish_heeler,feature_seaboard_adducent_polynesian,0.995690462504166
feature_amoebic_scarabaeid_gypsum,feature_incognita_cleaned_asphyxiant,0.974423831818199
feature_amphictyonic_secretarial_induline,feature_tearing_inharmonic_employee,0.995877833699637
feature_amygdaloidal_intersectional_canonry,feature_basophil_urdy_matzo,0.99747048886114
feature_anoxic_froward_europe,feature_excaudate_laboured_loquitur,0.992692523376628
feature_antarthritic_rhinocerotic_marquette,feature_concealed_artful_thaw,1
feature_antediluvial_contributive_statecraft,feature_tinkliest_unstuffy_manhunt,0.986228217132876
feature_antichristian_slangiest_idyllist,feature_corporatist_seborrheic_hopi,1
feature_antinomical_swart_coo,feature_plentiful_numeral_pascal,1
feature_antipathetical_terrorful_ife,feature_spikier_ordinate_taira,0.975548058991026
feature_antiperspirant_degradable_voltaire,feature_unsympathetic_classic_abac,0.99391043614719
feature_antiphrastical_tipsy_chinquapin,feature_certified_sensorial_occiput,0.890668907442632
feature_antipodal_unable_thievery,feature_recent_shorty_preferment,0.996533632883785
feature_antiscorbutic_visored_convalescent,feature_intrusive_sniffy_gangland,1
feature_antisubmarine_foregoing_cryosurgery,feature_favourable_swankiest_tympanist,0.999531572011322
feature_apogamic_obeisant_pondicherry,feature_applausive_forgettable_mishanter,0.997938916849818
feature_apomictical_motorized_vaporisation,feature_unsizable_ancestral_collocutor,1
feature_apophthegmatical_catechetical_millet,feature_unsheltered_doughtiest_episiotomy,0.994847292124546
feature_apostate_impercipient_knighthood,feature_shiite_overfed_mense,0.956436197052977
feature_appalachian_realistic_butyrate,feature_freezing_unrenewed_gillray,0.97985759648686
feature_appraisive_anagrammatical_tentacle,feature_isobilateral_olden_nephron,0.985291361155521
feature_arborescent_fungal_despiser,feature_bespoke_combining_farrow,0.994097807342661
feature_archaean_seething_hoyle,feature_adherent_judaic_gerry,0.998501030436232
feature_architectonic_godlier_southland,feature_dyspeptic_unobstructive_rewriting,0.997751545654347
feature_arillate_nickelic_hemorrhage,feature_coordinate_shyer_evildoing,0.853194668348419
feature_aristotelian_eurasian_nooky,feature_congolese_convenable_coolth,0.997657860056612
feature_arithmetic_delicate_pantagruelist,feature_syncytial_exterior_remora,0.95072137559111
feature_arizonan_endurable_daw,feature_abreast_viscoelastic_commander,0.9630878744922
feature_armoured_finable_skywriter,feature_inserted_inconvertible_functioning,0.991943038594744
feature_articulated_shamefaced_orzo,feature_vulcanian_brimstony_autobiographer,0.998969458424909
feature_assenting_darn_arthropod,feature_unswaddled_inenarrable_goody,1
feature_assertive_worsened_scarper,feature_strigose_rugose_interjector,1
feature_astronomic_gripple_culverin,feature_adolescent_anguilliform_staging,0.9630878744922
feature_atlantic_uveal_incommunicability,feature_riskier_ended_typo,0.998407344838495
feature_attainable_solonian_impropriator,feature_asphyxiated_peaceful_effleurage,0.999437886413587
feature_attributable_shagged_nourishment,feature_cephalopod_arrased_jird,0.977796513336679
feature_attuned_southward_heckle,feature_protonematal_springtime_varioloid,1
feature_auroral_glary_quamash,feature_peachiest_felted_removal,1
feature_autarkic_constabulary_dukedom,feature_preoral_tonsorial_souk,0.99747048886114
feature_autodidactic_gnarlier_pericardium,feature_cosy_microtonal_cedar,0.998501030436232
feature_auxetic_cholagogue_sexton,feature_glial_birefringent_popery,0.843076623792981
feature_avowed_cloying_anthropologist,feature_revolutionist_proportionate_headscarf,0.986509273926083
feature_axillary_reluctant_shorty,feature_tamil_grungy_empathy,0.994566235331339
feature_aztecan_encomiastic_pitcherful,feature_sciurine_stibial_lintwhite,0.986696645121554
feature_backswept_cryptogenic_baku,feature_grasping_unmetrical_trollopian,0.997657860056612
feature_baldish_cognitional_naha,feature_coloratura_preclusive_micromillimetre,0.996533632883785
feature_bareheaded_satisfied_copartner,feature_monarchic_blah_cellarman,1
feature_barest_kempt_crowd,feature_sarmatia_foldable_eutectic,1
feature_basaltic_arid_scallion,feature_undepreciated_partitive_ipomoea,0.982949221212133
feature_base_ingrain_calligrapher,feature_queenliest_childing_ritual,0.865654852847245
feature_bathypelagic_companionate_disenchanter,feature_lenient_electrothermal_phoenix,0.998969458424909
feature_battled_beating_radiotelephony,feature_choric_illustrated_inch,0.996158890492843
feature_beady_unkind_barret,feature_evangelistic_cruel_dissimilitude,0.991943038594744
feature_beauish_seismal_lobe,feature_harmonized_intrinsic_disapproval,0.992973580169835
feature_bedded_neutral_relishing,feature_apt_trimeter_bucketful,0.988382985880794
feature_beery_somatologic_elimination,feature_subfusc_furriest_nervule,1
feature_behaviorist_microbiological_farina,feature_setose_processed_crevice,1
feature_belgravian_salopian_sheugh,feature_unwithered_personate_dilatation,0.99915682962038
feature_belorussian_augitic_entrancement,feature_ago_hypocritical_codeclination,0.950721375591109
feature_bhutan_imagism_dolerite,feature_ugrian_schizocarpic_skulk,1
feature_biannual_maleficent_thack,feature_cnidarian_micrologic_sousaphone,0.949316091625076
feature_biased_puzzling_cessation,feature_phagocytic_humanistic_chappal,0.996533632883786
feature_bifacial_hexastyle_hemialgia,feature_degenerate_diaphragmatic_literalizer,0.986509273926083
feature_biochemical_searching_sodalite,feature_meteorological_tushed_ester,0.997938916849818
feature_bipinnate_oriented_earmuff,feature_doggone_seeable_mask,1
feature_bleeding_arabesque_pneuma,feature_cragged_sacred_malabo,1
feature_bloodied_twinkling_andante,feature_carunculate_discursive_hectare,0.953625629120911
feature_blue_swedenborgianism_squinter,feature_quaternate_loftier_directorate,0.965617385631059
feature_bold_brindle_playground,feature_unconstitutional_chiseled_coalport,1
feature_boyish_ductile_ninety,feature_antistatic_cabbagy_bluecoat,0.998875772827173
feature_brachydactylic_azonic_strife,feature_embolic_menial_mariculture,0.9815439372461
feature_branched_dilatory_sunbelt,feature_elaborate_intimate_bor,0.997002060872463
feature_brawny_confocal_frail,feature_joint_unreturning_basalt,0.988289300283058
feature_brickier_heterostyled_scrutiny,feature_irrevocable_unlawful_oral,0.984916618764579
feature_bristly_encysted_vendue,feature_coronate_congeneric_stockhausen,0.974142775024993
feature_brittle_chautauqua_elite,feature_pseudo_bounden_hereafter,1
feature_brushed_psychiatrical_lubbock,feature_baggier_supernormal_calcedony,0.940134903046994
feature_bucktooth_stockish_sideropenia,feature_banal_microanalytical_posset,0.998407344838496
feature_budgetary_surrounded_formicary,feature_versicular_buoyant_codetta,0.980138653280067
feature_built_reincarnate_sherbet,feature_integrative_reviviscent_governed,0.994566235331339
feature_burled_zinky_verdin,feature_enervated_tearier_septation,0.997657860056612
feature_burning_incunabular_clodhopper,feature_lithotomical_periodontal_systemization,0.952876144339027
feature_bushwhacking_unaligned_imperturbability,feature_verifying_imagism_sublease,0.981262880452893
feature_busty_unfitted_keratotomy,feature_uneasy_unaccommodating_immortality,0.997095746470199
feature_buxom_curtained_sienna,feature_distressed_bloated_disquietude,0.99222409538795
feature_cachectical_metaphysic_patency,feature_unwomanly_pitying_saffian,0.994940977722281
feature_caecilian_unexperienced_ova,feature_lamarckian_tarnal_egestion,1
feature_caespitose_unverifiable_intent,feature_antimonarchist_ordainable_quarterage,0.99643994728605
feature_cairned_fumiest_ordaining,feature_hotter_cattish_aridity,0.97461120301367
feature_calceolate_pudgy_armure,feature_ethiopic_anhedonic_stob,0.984635561971373
feature_calculating_unenchanted_microscopium,feature_developing_behind_joan,1
feature_calefactive_anapaestic_jerome,feature_additive_untrustworthy_hierologist,0.998501030436231
feature_calycled_living_birmingham,feature_optic_mycelial_whimper,0.96917743834501
feature_calycled_necrologic_naboth,feature_prothallium_burst_pledget,0.986977701914761
feature_cambial_bigoted_bacterioid,feature_just_flavescent_draff,0.968709010356332
feature_campestral_salted_romanism,feature_unplumb_prefectorial_gloucester,0.9928798945721
feature_camphorated_spry_freemartin,feature_serpentiform_incomplete_bessarabia,0.993442008158513
feature_canalicular_peeling_lilienthal,feature_undrilled_wheezier_countermand,1
feature_canonical_dermatographic_mellowing,feature_unlearned_plicate_megabit,0.998032602447554
feature_capitate_plaguy_hooper,feature_stolid_unhacked_schoolgirl,0.950721375591109
feature_capsulate_rival_marcel,feature_chorial_sapheaded_humberside,0.926550491375342
feature_caressive_cognate_cubature,feature_mercian_luddite_aganippe,0.997564174458876
feature_carnassial_undecided_suspensor,feature_entrepreneurial_glumpiest_longhorn,0.988195614685323
feature_casemated_ibsenian_grantee,feature_spec_subversive_plotter,0.975267002197819
feature_castrated_presented_quizzer,feature_bally_bathymetrical_isadora,0.999344200815851
feature_casuistic_barbarian_monochromy,feature_clasping_fast_menstruation,0.981262880452893
feature_catercorner_seemliest_prepostor,feature_depressant_blinded_yellowstone,0.959059393789572
feature_caudated_judicial_crossette,feature_granulitic_cordial_infield,0.953344572327704
feature_cauterant_paly_discant,feature_revelational_natty_nephralgia,0.965523700033323
feature_centric_shaggier_cranko,feature_adsorbed_blizzardy_burlesque,0.99747048886114
feature_centroclinal_incentive_lancelet,feature_exoergic_zoomorphic_burin,0.959434136180514
feature_cerebrovascular_weeny_advocate,feature_yelled_hysteretic_eath,0.992130409790215
feature_chafed_undenominational_backstitch,feature_potential_subsessile_disconnection,1
feature_chaldean_vixenly_propylite,feature_fair_papal_vinaigrette,0.998875772827173
feature_chaotic_granitoid_theist,feature_expiscatory_wriest_colportage,0.941633872610763
feature_chartered_conceptual_spitting,feature_coordinated_astir_vituperation,0.997189432067933
feature_cheering_protonemal_herd,feature_balaamitical_electropositive_exhaustibility,0.988289300283058
feature_chelonian_pyknic_delphi,feature_jamesian_scutiform_ionium,0.998875772827173
feature_childing_funest_turbidity,feature_municipal_curvier_hegelianism,0.995596776906429
feature_chillier_consultatory_latest,feature_feral_telling_marquessate,1
feature_chinked_preborn_hideaway,feature_partitive_labyrinthine_sard,0.982574478821191
feature_chopfallen_fasciate_orchidologist,feature_fortyish_neptunian_catechumenate,0.988945099467207
feature_christadelphian_euclidean_boon,feature_virescent_telugu_neighbour,0.96224470411258
feature_chuffier_analectic_conchiolin,feature_burning_phrygian_axinomancy,0.995971519297372
feature_churrigueresque_talc_archaicism,feature_galactopoietic_luckiest_protecting,0.994940977722281
feature_citified_certified_progestin,feature_drier_worshipping_hetairist,1
feature_clarified_mimic_slash,feature_twisted_saronic_necrologist,0.998407344838495
feature_clashing_disheartening_rattler,feature_gathered_owlish_judgment,0.910623939760301
feature_clawed_unwept_adaptability,feature_iconoclastic_parietal_agonist,1
feature_cleanly_kickable_miriam,feature_instinctive_dappled_upholder,0.997845231252083
feature_clerkish_flowing_chapati,feature_heartier_salverform_nephew,0.976203858175174
feature_close_abloom_boomlet,feature_duskier_wispiest_midwesterner,1
feature_coactive_prefatorial_lucy,feature_comprisable_commensurable_cyrenaic,1
feature_coalier_typhoid_muntin,feature_paleolithic_myalgic_lech,1
feature_coelomate_orbiculate_osteology,feature_plausive_skaldic_shoebox,0.989788269846827
feature_coenobitical_undistinguished_elsan,feature_restricting_unghostly_tapir,0.998219973643025
feature_collective_stigmatic_handfasting,feature_signed_ringent_sunna,0.992973580169835
feature_commensurable_industrial_jungfrau,feature_drizzling_refrigerative_imperfection,0.999250515218116
feature_communicatory_unrecommended_velure,feature_guardian_frore_rolling,1
feature_compliable_buccaneerish_lyddite,feature_contaminable_exilic_girandole,0.95971519297372
feature_compurgatorial_demeaning_purser,feature_disclosed_transcendental_pungency,0.902754349550516
feature_conceding_ingrate_tablespoonful,feature_sumerian_descendible_kalpa,1
feature_concessible_carpal_telesthesia,feature_saturated_protozoal_unsociability,0.978358626923092
feature_conciliable_fleeting_equestrienne,feature_tricksome_unimproved_accidental,0.99915682962038
feature_confiscatory_triennial_pelting,feature_biological_caprine_cannoneer,0.966273184815208
feature_congealed_lee_steek,feature_urticant_ultracentrifugal_wane,0.960839420146547
feature_congenerical_anodal_chelation,feature_unliquefied_folding_equilibrator,1
feature_congenial_transmigrant_isobel,feature_necked_moresque_lowell,1
feature_congenital_conched_perithecium,feature_pruinose_raploch_roubaix,0.994659920929074
feature_conjugal_postvocalic_rowe,feature_unvalued_untangled_keener,0.92280306746592
feature_conjunctional_maned_banian,feature_deflective_demographic_saragossa,0.970395351115572
feature_conscionable_insouciant_pariah,feature_titulary_merriest_intelligencer,1
feature_consecrate_legislative_cavitation,feature_stellular_paler_centralisation,0.992598837778893
feature_contaminative_intrusive_tagrag,feature_unrelenting_intravascular_mesenchyme,0.999531572011323
feature_continental_archival_katmandu,feature_totipalmate_rightable_occultist,0.996533632883785
feature_continuate_unprocurable_haversine,feature_alcibiadean_lumpier_origan,0.940790702231142
feature_contorted_weaponed_piaffe,feature_teratogenic_wet_calkin,0.96917743834501
feature_contraband_pyorrhoeal_vernalisation,feature_wannish_record_lunette,0.968427953563125
feature_contradictory_museful_somatotropin,feature_phylogenetic_paramount_caperer,0.99643994728605
feature_contralto_unblushing_beowulf,feature_daunting_nomenclatorial_facility,0.952220345154878
feature_contused_festal_geochemistry,feature_ataractic_swept_rubeola,0.984729247569108
feature_conventionalized_volitant_citadel,feature_chiseled_dastard_analyst,0.969083752747273
feature_coordinated_undecipherable_gag,feature_subservient_wedged_limping,0.971238521495191
feature_correlative_nociceptive_development,feature_patristic_intelligential_crackajack,0.965336328837852
feature_corrugated_dotiest_committeewoman,feature_easterly_predicable_enclosure,0.998594716033967
feature_corticate_unuttered_langur,feature_khedival_viewable_bloodlust,0.991755667399273
feature_cottony_ischaemic_venery,feature_revolting_pharmacological_notability,0.973393290243109
feature_counter_arbitral_gyration,feature_overweening_incommunicable_pealing,0.996533632883785
feature_covalent_methodological_brash,feature_dissolvable_chrismal_obtund,0.970395351115571
feature_covalent_unreformed_frogbit,feature_prefigurative_downstream_transvaluation,0.99475360652681
feature_coveted_finniest_lipogram,feature_synodal_feisty_weave,1
feature_crablike_panniered_gloating,feature_faint_consociate_rhytidectomy,0.997657860056612
feature_crawlier_residuary_biracialism,feature_ruttier_freakier_perversion,1
feature_craziest_cordate_ravishment,feature_mediative_sufferable_serosity,0.99475360652681
feature_creedal_greediest_vibrant,feature_lithuanian_fabianism_pedagogy,1
feature_criticisable_authentical_deprecation,feature_rose_buttoned_dandy,0.998782087229438
feature_cromwellian_imbecilic_algonkian,feature_unqualifying_pursuant_antihistamine,1
feature_crookbacked_irreplaceable_heresiography,feature_vibratory_prejudicial_quadrillion,0.968990067149538
feature_croupiest_shaded_thermotropism,feature_babist_moribund_myna,0.998594716033967
feature_crowning_frustrate_kampala,feature_unventilated_sollar_bason,1
feature_ctenoid_moaning_fontainebleau,feature_probationary_readying_roundelay,0.828086928155295
feature_culinary_pro_offering,feature_hierologic_expectable_maiolica,0.985291361155521
feature_cupulate_mettlesome_extensimeter,feature_gnomonic_fixative_vocalise,0.995409405710959
feature_curling_aurorean_iseult,feature_stelliform_curling_trawler,0.999344200815851
feature_curtained_gushier_tranquilizer,feature_plum_anemometrical_guessing,1
feature_curvier_antinodal_absolute,feature_squabbiest_receivable_foreyard,0.965336328837852
feature_cut_rouged_defilement,feature_geomedical_imbued_clunk,0.998219973643025
feature_cymose_prima_guardhouse,feature_fogyish_cruciate_starter,0.978452312520827
feature_cyrenaic_unschooled_silurian,feature_bitterish_buttocked_turtleneck,1
feature_daytime_suppurative_oximeter,feature_unlucky_hammered_pard,0.913902935681044
feature_deathy_hylomorphic_christine,feature_huggable_interim_doline,0.999250515218116
feature_deceased_peppiest_hitlerism,feature_winglike_hydropathic_sedimentology,0.962806817698993
feature_decent_solo_stickup,feature_phyllopod_unconstrainable_blubberer,0.951470860372993
feature_deformed_unenslaved_graniteware,feature_anticivic_blistery_knot,0.986040845937406
feature_degenerate_officinal_feasibility,feature_southernmost_unhuman_arbiter,0.998126288045289
feature_deliberative_connatural_kinetoscope,feature_brainish_nonabsorbent_assurance,0.787240007542604
feature_delimited_doable_jim,feature_cockiest_ditheistical_pennyworth,1
feature_deliquescent_lintiest_protamine,feature_metagrobolized_incorrigible_berkelium,0.954094057109589
feature_demisable_expiring_millepede,feature_waggly_outlandish_carbonisation,1
feature_demure_groutiest_housedog,feature_smutty_prohibited_sullivan,0.997657860056612
feature_dendritic_prothallium_sweeper,feature_uninforming_predictable_pepino,0.999625257609058
feature_dentilingual_removed_osmometer,feature_productile_auriform_fil,0.998407344838496
feature_dermal_extortive_inversion,feature_teased_pinpoint_grant,1
feature_derogative_sawdusty_photolithography,feature_laniary_chelated_rejoicing,0.997938916849818
feature_descendent_decanal_hon,feature_canopic_exigible_schoolgirl,0.993348322560777
feature_desiderative_commiserative_epizoa,feature_serpentiform_trinary_imponderability,0.98510398996005
feature_designer_notchy_epiploon,feature_clandestine_inkiest_silkworm,0.997002060872463
feature_destructive_winterweight_towbar,feature_mesarch_disentangled_catalytic,0.997751545654347
feature_devoted_straggly_charlotte,feature_undefeated_unworkmanlike_probe,0.993442008158513
feature_dextrogyrate_permitted_mystagogy,feature_steadier_untrenched_bernstein,1
feature_diabasic_prescribed_autograft,feature_quaggy_chilliest_inchoative,0.97817125572762
feature_dichasial_hammier_spawner,feature_honoured_observational_balaamite,1
feature_difficile_oxalic_spheroid,feature_rampant_barren_sapodilla,0.953625629120911
feature_dipped_sent_giuseppe,feature_idled_unwieldy_improvement,1
feature_direst_interrupted_paloma,feature_queenliest_childing_ritual,0.846542990909196
feature_dirtiest_possessory_nuku'alofa,feature_tallish_grimier_tumbrel,0.99915682962038
feature_discrepant_ventral_shicker,feature_cirsoid_buddhism_vespa,0.974423831818199
feature_dismaying_chaldean_tallith,feature_unreceipted_latest_lesser,0.991099868215124
feature_dispiriting_araeostyle_jersey,feature_unshrinking_semiarid_floccule,0.959340450582778
feature_dissilient_stunning_ribwort,feature_deltoid_chalkier_connecticut,1
feature_distorted_bit_frilling,feature_resuscitated_taloned_borak,0.931796884848532
feature_diverticular_punjabi_matronship,feature_gleaming_monosyllabic_scrod,0.998688401631703
feature_divulsive_cordial_bremsstrahlung,feature_digressive_ratty_supernatant,0.998501030436232
feature_doctrinal_popular_disqualifying,feature_mesarch_discreditable_calming,0.994097807342661
feature_doggish_whacking_headscarf,feature_flawed_demonological_toady,0.998501030436232
feature_dorsolumbar_dolesome_marshmallow,feature_packaged_topological_paradigm,0.98763350109891
feature_dovetailed_winy_hanaper,feature_anthropoid_pithy_newscast,0.998969458424909
feature_down_delinquent_madagascar,feature_sunburnt_sympodial_cookhouse,0.964118416067291
feature_dozier_mad_outrush,feature_pacific_sleeved_devise,1
feature_draconic_contractible_romper,feature_asteriated_invigorated_penitence,1
feature_drawable_exhortative_dispersant,feature_petulant_thirty_safety,0.984073448384959
feature_dreary_gristlier_matchbox,feature_jugoslav_cultured_tinct,0.959996249766927
feature_dreary_penal_acroterium,feature_addressable_intransitive_reconnoitrer,1
feature_driving_neurasthenic_perimysium,feature_promised_intramolecular_sora,1
feature_dropping_naevoid_swag,feature_defective_sectional_stenotype,0.998594716033967
feature_dropsical_suctorial_mnemosyne,feature_mini_caressive_mantuan,0.999531572011322
feature_durative_cuboidal_mirepoix,feature_uninquiring_unspiritualized_gradualism,0.989881955444562
feature_dustiest_algonkian_plasticity,feature_etched_furry_biriani,0.955780397868828
feature_dwarfish_equestrian_vaporizer,feature_looted_eleven_corpora,0.975829115784232
feature_dyeline_catechistic_placet,feature_unsatisfactory_lovelorn_brainstorm,1
feature_dyspeptic_disseminative_anglophobia,feature_intromittent_surer_pederasty,0.975079631002348
feature_earthlier_parian_pistachio,feature_utmost_excitable_emir,0.959996249766927
feature_eating_lanose_linguini,feature_inaccessible_radioactive_glassine,0.950440318797902
feature_echoic_dustproof_indiscernibility,feature_sunset_slouchy_alisma,0.9446318117383
feature_eclectic_citified_testator,feature_towery_eighteenth_enough,0.983698705994017
feature_ectodermal_unfeigning_chester,feature_thermophile_noisette_swamper,0.99203672419248
feature_edge_hanoverian_cockneyfication,feature_dressy_skiable_hypognathism,0.994847292124546
feature_elating_apeak_hoodwinker,feature_piping_unabolished_statocyst,0.994659920929074
feature_elating_diluvian_telepathist,feature_steely_delusory_anesthesiologist,0.962900503296729
feature_elegiac_isolationism_lookout,feature_underdeveloped_eastern_goner,0.989226156260414
feature_embryo_sloping_albertine,feature_indefinite_plenipotent_absorbent,1
feature_emissive_perinephric_conveniency,feature_unbearded_rustiest_fiddlewood,0.953157201132233
feature_emmetropic_heraclitean_conducting,feature_circassian_leathern_impugner,0.991287239410596
feature_encased_jutting_gasometer,feature_croaking_japhetic_fifer,0.955405655477886
feature_encompassing_skeptical_salience,feature_solemn_wordier_needlework,0.974049089427258
feature_endangered_unthreaded_firebrick,feature_holy_chic_cali,0.999531572011322
feature_enlightening_mirthful_laurencin,feature_hagiological_refer_vitamin,0.929642116100614
feature_enorm_taboo_abysm,feature_intracardiac_circumfluent_pepper,0.96917743834501
feature_enslaved_fattest_radiotelegraph,feature_indentured_insuperable_spider,0.999531572011322
feature_epicurean_fetal_seising,feature_maxillary_orphic_despicability,0.998219973643025
feature_epidermic_scruffiest_prosperity,feature_stoichiometric_unanswerable_leveller,0.985759789144199
feature_epitaxial_loathsome_essen,feature_unimaginable_sec_kaka,0.966366870412943
feature_equalized_statuary_more,feature_transisthmian_inculcative_heldentenor,0.953719314718646
feature_equipotent_undefeated_anointer,feature_blathering_unwell_despiser,0.973955403829522
feature_equiprobable_unsisterly_mississauga,feature_interchangeable_yellow_thinker,0.990256697835504
feature_eradicable_douce_teleconference,feature_ten_male_phoenician,0.979108111704976
feature_eruptive_seasoned_pharmacognosy,feature_rude_booziest_ilium,0.962994188894464
feature_escutcheoned_timocratic_kotwal,feature_stylolitic_brown_spume,1
feature_estuarine_candescent_podunk,feature_pulsing_ionian_flatterer,0.995971519297372
feature_euterpean_frazzled_williamsburg,feature_tricksiest_pending_voile,0.952688773143555
feature_evaporative_largo_aster,feature_holometabolic_speeding_subinfeudatory,0.94819186445225
feature_exacerbating_presentationism_apagoge,feature_unpressed_mahratta_dah,0.998594716033967
feature_exorbitant_myeloid_crinkle,feature_trisomic_hagiographic_fragrance,1
feature_expressed_abhominable_pruning,feature_laminable_unspecified_gynoecium,0.951658231568464
feature_exsanguine_ethereal_archon,feature_unmethodized_straining_heartburning,0.97629754377291
feature_exterminated_grumbling_lawing,feature_crisscrossed_audible_hafiz,1
feature_extractable_serrulate_swing,feature_unperceivable_unrumpled_appendant,0.930297915284763
feature_extrorse_idling_vinificator,feature_monosyllabic_homey_omicron,0.998219973643025
feature_eyed_scotistic_diabolism,feature_antitussive_vixenly_sacque,0.992130409790215
feature_faced_moline_gavotte,feature_blushful_protean_granduncle,0.953157201132233
feature_faeroese_inapposite_plum,feature_lowered_toric_charmeuse,0.981824994039306
feature_fake_lentoid_helotism,feature_altruistic_congenital_disinflation,0.99915682962038
feature_fake_trident_agitator,feature_wally_unrotted_eccrinology,0.943320213370002
feature_faltering_tergal_tip,feature_undiverted_analyzed_accidie,0.996627318481521
feature_farcical_spinal_samantha,feature_veristic_parklike_halcyon,0.998688401631702
feature_faustian_unventilated_lackluster,feature_granulative_uncritical_agostini,0.962900503296729
feature_favoring_prescript_unorthodoxy,feature_unutterable_softening_roper,0.99372306495172
feature_fertilized_quartile_roll,feature_sensationalistic_puritan_mirador,0.962994188894464
feature_fescennine_intramundane_flamen,feature_resentful_eisteddfodic_assyrian,0.79904439285728
feature_festering_controvertible_hostler,feature_malignant_campodeid_pluton,0.988945099467207
feature_few_lagoonal_alcyonarian,feature_regrettable_liberating_crabber,0.997845231252083
feature_fictile_shadowy_esse,feature_fortissimo_undrawn_ratio,0.99391043614719
feature_fierier_goofier_follicle,feature_scissile_dejected_kainite,1
feature_fine_aberrational_deducibility,feature_elasmobranch_braving_typhoid,0.985759789144199
feature_fishier_groggier_corporeity,feature_undermanned_transfusible_executive,0.998501030436231
feature_fishiest_simulatory_roadholding,feature_iridic_vellum_invective,0.99831365924076
feature_fissirostral_multifoliate_chillon,feature_ruthenic_peremptory_truth,1
feature_flabby_unquantified_extenuation,feature_admissive_jaggiest_yabby,0.998782087229438
feature_flakiest_fleecy_novelese,feature_disintegrable_snakier_zion,0.998407344838496
feature_flavourful_seismic_erica,feature_referenced_biliteral_chiropody,0.993629379353984
feature_fleshly_bedimmed_enfacement,feature_athenian_pragmatism_isomorphism,0.996814689676992
feature_flintier_enslaved_borsch,feature_undisguised_unenviable_stamen,1
feature_floricultural_unimpeded_nomen,feature_plutocratic_cressy_plasterboard,0.994566235331339
feature_fluorometric_guarded_dioxin,feature_occurrent_suggestible_doubter,0.996721004079256
feature_foamy_undrilled_glaciology,feature_bustled_fieriest_doukhobor,0.992879894572099
feature_foliated_psychokinetic_vivian,feature_augean_contraceptive_subsequence,0.953157201132233
feature_forficate_martensitic_huckaback,feature_numeral_cagey_haulm,0.999344200815851
feature_formational_preventive_capp,feature_financed_striped_libertarian,0.995877833699637
feature_fortunate_unorthodoxy_trish,feature_wuthering_stinky_bimetallist,0.991568296203802
feature_forworn_hask_haet,feature_uncomplying_unprovocative_ochlophobia,1
feature_foudroyant_undersigned_ascendance,feature_anamnestic_conformable_spaceship,0.99372306495172
feature_fragrant_fifteen_brian,feature_acclimatisable_unfeigned_maghreb,1
feature_fraternal_manx_tambourine,feature_demountable_unprejudiced_neighbourhood,0.953625629120911
feature_fraternal_whackiest_poppy,feature_acanthoid_slimiest_decor,0.985385046753257
feature_frequentative_participial_waft,feature_convalescence_deuteranopic_lemuroid,0.969739551931423
feature_frizzier_alcoholic_gadolinium,feature_defeasible_bustiest_trimetrogon,0.976578600566116
feature_frowsiest_bonapartean_income,feature_underemployed_opiate_aube,0.97901442610724
feature_frowzy_berserk_lag,feature_disliked_undersized_vermiculation,0.978545998118563
feature_frumpy_squishiest_burley,feature_comely_typal_softie,0.973580661438579
feature_fumarolic_known_sharkskin,feature_horticultural_footworn_superscription,0.99747048886114
feature_fustier_crossing_pharyngology,feature_agitato_unlineal_perspicacity,1
feature_fustiest_voiced_janet,feature_encased_unamiable_hasidism,0.996346261688314
feature_gabby_glimmery_azalea,feature_aymaran_indusial_elodea,1
feature_gainly_tritheism_syndactyl,feature_weedier_indistinctive_haranguer,1
feature_galvanometric_sturdied_billingsgate,feature_smouldering_underground_wingspan,0.996533632883785
feature_ganoid_osiered_mineralogy,feature_boiling_won_rama,1
feature_gardant_irreverent_inferiority,feature_rowdyish_overcritical_digression,0.996252576090579
feature_gay_deceased_reen,feature_imitable_unnatural_samuel,1
feature_generative_honorific_tughrik,feature_moneyed_mesophytic_lester,0.998782087229438
feature_geodic_corky_clinic,feature_topologic_subcaliber_radiotelephony,0.891793134615459
feature_geographical_ecstatic_geta,feature_gory_medullated_waverer,0.998032602447554
feature_ginger_unexplored_sadduceeism,feature_dissymmetric_stressed_stonewalling,0.969458495138216
feature_glare_factional_assessment,feature_froggier_unlearned_underworkman,0.999437886413587
feature_gleetier_unpared_pentecost,feature_odd_desiderative_godet,0.985385046753257
feature_glued_antemundane_eschscholtzia,feature_ecumenical_neuron_equity,0.974704888611406
feature_glyptic_unrubbed_holloway,feature_unhoped_hex_ventriloquism,0.992505152181157
feature_gnathic_terminological_defector,feature_muggiest_explicit_barnardo,0.995503091308694
feature_gobony_configured_judicatory,feature_collectable_distinguishing_dichroite,0.952501401948084
feature_gone_honduran_worshipper,feature_tuberculate_patelliform_paging,0.985759789144199
feature_gory_ratite_santir,feature_aeriform_discomposed_moolvie,0.997845231252083
feature_gossamer_placable_wycliffite,feature_impetratory_shuttered_chewer,0.99391043614719
feature_gradely_dippy_gaol,feature_dada_draughtiest_cinchonisation,0.917837730785937
feature_grandmotherly_circumnavigable_homonymity,feature_sodding_choosy_eruption,0.997845231252082
feature_grazed_blameful_desiderative,feature_limonitic_issuable_melancholy,0.960933105744282
feature_greedier_favorable_enthymeme,feature_tingling_large_primordiality,0.951658231568464
feature_gregorian_electromagnetic_hepar,feature_manufactured_nodal_seeking,0.983230278005339
feature_gripple_bracteal_huckster,feature_unsocial_pouring_barbe,0.972081691874811
feature_groggy_undescried_geosphere,feature_paraffinoid_flashiest_brotherhood,0.99831365924076
feature_grummest_confounding_quinquagesima,feature_agape_untamable_towmond,0.995034663320017
feature_guileful_congenerical_literation,feature_autumn_prefectural_viscera,0.979670225291389
feature_gullable_sanguine_incongruity,feature_ecstatic_foundational_crinoidea,1
feature_gustier_maladjusted_bargeman,feature_yeasty_castilian_nicaragua,0.996908375274727
feature_gutta_exploitive_simpson,feature_blind_concordant_tribalist,1
feature_guttering_liberating_conurbation,feature_appellant_verbalized_duckbill,1
feature_gymnasial_supremacist_osteopathy,feature_sunproof_unmurmuring_heliotype,0.995971519297372
feature_gymnastic_erective_tranche,feature_studded_premonitory_periostracum,0.959340450582779
feature_gymnastic_neap_thoracostomy,feature_precursory_maltese_wetting,0.990163012237769
feature_gyral_extrapolated_serotherapy,feature_undealt_tonal_fictionalization,0.998219973643025
feature_haematoid_runaway_nightjar,feature_obeliscal_bewildered_reviewer,0.998875772827173
feature_hagiographical_swelling_homager,feature_exhaling_awkward_inhabitant,1
feature_halting_disguisable_syllabicity,feature_disjunct_hardened_picturing,0.88148771886455
feature_hanseatic_responsible_enneahedron,feature_benzal_sprucest_taler,0.997938916849818
feature_haploid_occluded_moral,feature_blinded_memorable_wring,0.996065204895107
feature_haunted_fussier_vaunt,feature_cased_polycrystalline_groschen,0.980044967682331
feature_hawaiian_adrenocorticotropic_right,feature_dysgenic_putrefied_nosegay,0.99728311766567
feature_hawkish_domiciliary_duramen,feature_depauperate_armipotent_decentralisation,0.998313659240761
feature_haziest_lifelike_horseback,feature_coastal_edible_whang,1
feature_headhunting_unsatisfied_phenomena,feature_enzymatic_poorest_advocaat,1
feature_healthful_mitigated_magnesium,feature_peeled_singing_smacking,0.997845231252082
feature_healthiest_glial_cliquism,feature_interruptive_breached_protanomaly,0.973112233449902
feature_healthy_preterhuman_conto,feature_cantharidian_lightful_cubicle,0.998032602447554
feature_hedonistic_entertaining_pelting,feature_bubbling_pedestrian_convection,1
feature_heliocentric_stealthy_waning,feature_crapulent_appropriate_kanga,1
feature_heliotropic_inane_papistry,feature_adored_empyreal_revel,0.992224095387951
feature_hellenistic_scraggly_comfort,feature_affettuoso_taxidermic_greg,1
feature_helpable_chanciest_fractionisation,feature_kinky_benzal_holotype,1
feature_hemispherical_unabsolved_aeolipile,feature_thousandth_hierarchal_plight,0.877271866966451
feature_hendecagonal_deathly_stiver,feature_abating_unadaptable_weakfish,0.977702827738943
feature_hetero_overweary_hylotheist,feature_redeemed_petiolar_lethe,0.930485286480234
feature_hexametric_ventricose_limnology,feature_pansophical_agitato_theatricality,1
feature_hibernating_soritic_croupe,feature_directoire_propositional_clydebank,0.99559677690643
feature_hieroglyphic_scalar_synchroflash,feature_girlish_uncoated_shammy,1
feature_hierologic_assault_candida,feature_careworn_motivational_requisite,0.998219973643025
feature_highland_eocene_berean,feature_peninsular_pulsatile_vapor,0.987165073110232
feature_hillier_unpitied_theobromine,feature_genuine_kyphotic_trehala,1
feature_himyarite_tetragonal_deceit,feature_linear_scummiest_insobriety,0.998594716033967
feature_hipper_etruscan_ketose,feature_unalloyed_carminative_supercargo,0.983230278005339
feature_hitlerite_slippy_pterygoid,feature_eucaryotic_centillionth_bastnaesite,1
feature_holophytic_fiercest_ruining,feature_like_inflorescent_sierra,0.965617385631059
feature_horizontal_snug_description,feature_weightiest_protozoic_brawler,0.970489036713307
feature_hotfoot_behaviorist_terylene,feature_lovelorn_aided_limiter,1
feature_hotshot_undefied_aten,feature_phasmid_accommodating_aftercare,0.973580661438579
feature_huge_neoclassic_crossbencher,feature_commotional_unhealable_berserk,0.974423831818199
feature_hungry_thermoluminescent_shareholding,feature_sane_disqualifying_whimperer,0.994378864135868
feature_huskiest_compartmental_jacquerie,feature_thorniest_laughable_hindustani,1
feature_hydrologic_cymric_nyctophobia,feature_twelve_haphazard_pantography,0.998407344838496
feature_hydroponic_constitutive_etaerio,feature_enervated_porose_microfarad,0.996721004079256
feature_hyperbaric_populated_optimum,feature_piebald_unresisted_soldo,0.953250886729968
feature_hypermetropic_unsighted_forsyth,feature_tapestried_madding_acclimatiser,0.965523700033323
feature_hypersonic_volcanological_footwear,feature_inestimable_unmoral_extraversion,0.965242643240117
feature_hypertensive_aroused_urquhart,feature_recurrent_perversive_injury,0.983323963603075
feature_hypertensive_seared_adenauer,feature_datival_crucial_chevrotain,0.966554241608414
feature_hypertrophied_embryologic_forfeiter,feature_sophomoric_perseverant_sclaff,1
feature_hypogastric_effectual_sunlight,feature_unruly_salian_impetuosity,0.998407344838496
feature_hypothetic_distressing_endemic,feature_morbific_irredentist_interregnum,0.960464677755605
feature_hysteric_mechanized_recklinghausen,feature_attack_unlit_milling,0.97714071415253
feature_iconomatic_boozier_age,feature_forfeit_contributing_joinder,0.965148957642382
feature_ignored_splay_management,feature_perpetuable_stuffed_manxman,0.993442008158513
feature_illegible_punishing_lunacy,feature_tethered_exceptive_altimeter,0.998501030436232
feature_illiterate_stomachal_terpene,feature_monocyclic_galliambic_par,0.962338389710315
feature_imitable_artificial_titration,feature_quintuplicate_hortative_merionethshire,0.985478732350992
feature_imparipinnate_autoerotic_joel,feature_unransomed_unhealthier_excuser,0.999063144022645
feature_impartable_unpeaceful_pennsylvanian,feature_mantuan_cricoid_responder,0.966366870412943
feature_imperviable_surprised_running,feature_poetical_individualist_laterite,1
feature_imponderable_seasoned_kinetograph,feature_enveloping_diabolic_serviette,0.968240582367654
feature_impractical_endorsed_tide,feature_footling_unpuckered_lophophore,1
feature_inane_ribald_adrenal,feature_rural_apogean_titbit,0.965336328837853
feature_inapproachable_aging_lully,feature_standardized_rosiny_suslik,0.997657860056612
feature_incendiary_failing_fluff,feature_maigre_twinkling_overstand,0.997002060872463
feature_incidental_unveiled_bobbysoxer,feature_nymphomaniac_disappointing_greenaway,0.996814689676992
feature_incitant_trochoidal_oculist,feature_detrital_respected_parlance,0.99831365924076
feature_incog_decolorant_refluence,feature_unweary_avionic_claudine,0.994659920929075
feature_incommensurable_diffused_curability,feature_smaller_colored_immurement,0.983323963603075
feature_inconsequential_scincoid_sextant,feature_unhomely_monoclinic_acajou,0.993160951365306
feature_indefatigable_enterprising_calf,feature_protractive_moral_forswearing,1
feature_indentured_communicant_tulipomania,feature_gobony_premonitory_twinkler,0.997002060872463
feature_indirect_concrete_canaille,feature_anucleate_knotted_nonage,1
feature_induplicate_hoarse_disbursement,feature_clipped_kurdish_grainer,0.977515456543472
feature_inebriant_unhopeful_beecham,feature_derogate_bigoted_mnemonic,0.887858339510566
feature_inelastic_verist_graf,feature_woodier_slimmest_supplanter,1
feature_inexpugnable_gleg_candelilla,feature_unreachable_neritic_saracen,1
feature_inflexed_lamaism_crit,feature_songful_intercostal_frightener,0.999718943206794
feature_inhabited_collectable_soda,feature_insipid_unshakable_panne,0.979670225291389
feature_inhabited_pettier_veinlet,feature_angevin_fitful_sultan,0.992973580169835
feature_inherited_accelerated_astaire,feature_untired_flighty_tungstate,0.99728311766567
feature_inhibited_snowiest_drawing,feature_cooled_perkiest_electrodeposition,0.985572417948728
feature_innumerate_alated_soliped,feature_kingly_gemmological_electrodynamometer,0.996346261688314
feature_inoperable_monegasque_infuriation,feature_uneducated_afraid_sip,0.972643805461224
feature_inseminated_filarial_mesoderm,feature_pennsylvanian_sibylic_chanoyu,1
feature_insociable_exultant_tatum,feature_cuddlesome_undernamed_incidental,0.951658231568464
feature_institutionalized_individualized_worcestershire,feature_natal_scalloped_edwardianism,0.980888138061951
feature_instrumentalist_extrovert_cassini,feature_disarrayed_rarefactive_trisulphide,0.99372306495172
feature_integrated_extroversive_ambivalence,feature_ferial_incumbent_engraving,1
feature_intended_involute_highbinder,feature_manifold_melodramatic_girl,0.98070076686648
feature_intercalative_helvetian_infirmarian,feature_tachygraphical_sedimentological_mesoderm,0.997751545654347
feature_interdental_mongolian_anarchism,feature_amoroso_wimpish_maturing,0.965898442424266
feature_interdigital_sewn_glucagon,feature_figurative_uncertificated_indigent,1
feature_interfertile_neozoic_solder,feature_battled_premillennial_omelette,1
feature_interjaculatory_anhedonic_lindisfarne,feature_unrealistic_inoperable_publishing,0.998126288045289
feature_intermontane_vertical_moo,feature_gubernacular_liguloid_frankie,1
feature_interoceptive_fifteenth_trey,feature_bloomed_touchable_alastair,1
feature_interpenetrative_enabling_elm,feature_rutilant_obliterate_potassium,0.958497280203159
feature_interrogatory_isohyetal_atacamite,feature_incorporating_abominable_daily,0.990912497019654
feature_intersidereal_chewy_sinusoid,feature_unquestioning_dappled_phenomenalism,0.979201797302712
feature_intersubjective_juristic_sagebrush,feature_binding_lanky_rushing,1
feature_intertwined_leeriest_suffragette,feature_unsinkable_dumbstruck_octuplet,0.997564174458876
feature_introvert_symphysial_assegai,feature_fribble_gusseted_stickjaw,0.970676407908778
feature_intrusive_effluent_hokkaido,feature_pulverized_unified_dupery,1
feature_invalid_chromatographic_cornishman,feature_herbaged_brownish_consubstantialist,0.977421770945736
feature_invalid_extortionary_titillation,feature_dissident_templed_shippon,0.961495219330695
feature_investigatory_inerasable_circumvallation,feature_quinoidal_ungrudged_hebraiser,0.988101929087587
feature_invincible_unroofed_tetrachord,feature_celebratory_assayable_carlisle,0.998032602447554
feature_iraqi_gentled_hector,feature_waxing_jaggy_bondswoman,1
feature_iridic_unpropertied_spline,feature_cornute_potentiometric_tinhorn,0.96833426796539
feature_irradiative_unpolished_sodality,feature_gravettian_groveling_crooning,0.997845231252083
feature_irreplaceable_regurgitate_ctenophore,feature_botchier_universalistic_nullifier,0.966366870412943
feature_irresponsive_compositive_ramson,feature_unsapped_anionic_catherine,0.997938916849818
feature_irritant_euphuistic_weka,feature_developed_arbitrary_traditionalist,0.99831365924076
feature_isotopic_hymenial_starwort,feature_castigatory_hundredfold_hearthrug,1
feature_jammed_morphotic_destruction,feature_cauline_herpetic_videocassette,0.996346261688314
feature_jauntier_talc_noreen,feature_jammed_stearic_gaper,0.919430385947441
feature_jeffersonian_torrent_cobaltite,feature_epicontinental_centum_raine,0.983323963603075
feature_jerkwater_eustatic_electrocardiograph,feature_queenliest_childing_ritual,1
feature_jiggish_tritheist_probity,feature_unrecognisable_waxier_paging,0.992224095387951
feature_jubilant_ghostlier_pedestrianism,feature_nephritic_unrelievable_piperonal,0.99747048886114
feature_jumping_homemaking_shaveling,feature_unknighted_unarticulated_stalag,1
feature_juvenalian_paunchy_uniformitarianism,feature_maglemosian_kittle_coachbuilding,1
feature_kenotic_hispanic_yulan,feature_tardigrade_intercommunal_propitiatory,1
feature_kerygmatic_splashed_ziegfeld,feature_deformable_productile_piglet,0.997189432067934
feature_koranic_rude_corf,feature_ichthyotic_roofed_yeshiva,1
feature_lageniform_theodicean_terylene,feature_petticoated_unobeyed_mugwort,0.952688773143555
feature_laggard_mincing_gemologist,feature_differential_intercrossed_royalism,0.975267002197819
feature_lashed_dirigible_scrubber,feature_jiggish_mechanized_patricide,0.996158890492843
feature_latin_throwback_lactoscope,feature_nephritic_grammatical_lithograph,0.986415588328347
feature_leadiest_unliveable_macadamia,feature_graceful_vaunted_accommodator,0.992505152181157
feature_leaky_maroon_pyrometry,feature_southerly_assonant_amicability,0.998126288045289
feature_learned_claustral_quiddity,feature_rival_undepraved_countermarch,0.998594716033967
feature_leggiest_slaggiest_inez,feature_indign_tardier_borough,0.99915682962038
feature_leisurable_dehortatory_pretoria,feature_malpighian_vaporized_biogen,0.944912868531506
feature_lethal_stringy_substantial,feature_sworn_satanic_sprechstimme,0.986228217132876
feature_leukemic_paler_millikan,feature_dure_jaspery_mugging,0.979576539693653
feature_levigate_kindly_dyspareunia,feature_tottery_unmetalled_codder,0.99831365924076
feature_liege_unexercised_ennoblement,feature_thoughtful_accommodable_lack,0.998875772827173
feature_limbic_pulverizable_hindfoot,feature_balinese_uncomforted_mimicker,0.99643994728605
feature_limitable_astable_physiology,feature_sicker_spelaean_endplay,0.983323963603075
feature_limitative_traditional_yodeller,feature_immovable_liquified_potpie,0.949971890809225
feature_limnological_proboscidean_nomologist,feature_mensal_amusive_phosphorylase,0.99559677690643
feature_lipogrammatic_blowsier_seismometry,feature_unreeling_homeothermic_macedonia,1
feature_liquefacient_premium_pyxidium,feature_quaint_lyophobic_draper,0.945193925324713
feature_literary_live_taxon,feature_undrawn_oldish_deprivation,0.995596776906429
feature_literate_treacly_altercation,feature_quodlibetic_enrapt_miscalculation,0.998969458424909
feature_livelong_sounded_squirm,feature_clavate_geriatric_aldebaran,1
feature_liverpudlian_multicellular_torsk,feature_spicate_photolithographic_buckskin,0.977328085348001
feature_lofty_acceptable_challenge,feature_steric_coxcombic_relinquishment,1
feature_log_unregenerate_babel,feature_simpatico_cadential_pup,0.99812628804529
feature_lordly_lamellicorn_buxtehude,feature_equipped_undoubted_athanasian,0.986321902730612
feature_loricate_cryptocrystalline_ethnology,feature_crimpier_gude_housedog,0.994659920929075
feature_lost_quirky_botel,feature_neutered_postpositive_writ,0.995877833699636
feature_lotic_anticorrosive_acetone,feature_obligate_quadruplication_feathering,1
feature_loved_purpure_malthusian,feature_trifling_sleety_amylase,0.995784148101901
feature_lowermost_tetrastichic_transvestism,feature_atheist_pompeian_fogsignal,0.881675090060021
feature_lowliest_oblatory_sprattle,feature_commo_flavored_epitomizer,0.974517517415935
feature_loyal_fishy_pith,feature_witchy_orange_muley,0.997002060872463
feature_macrobiotic_benignant_eurasia,feature_parturient_liberian_gamal,0.99831365924076
feature_macrocephalic_tiresome_piroshki,feature_reverable_sunk_quiet,0.99831365924076
feature_madrigalian_distichal_otranto,feature_gymnorhinal_unreached_carthusian,1
feature_mailed_harried_grant,feature_faddiest_clement_repatriation,1
feature_maintained_childbearing_isagoge,feature_undesirable_candied_computist,0.993442008158513
feature_malacological_differential_defeated,feature_antarthritic_syzygial_wonderland,1
feature_malagasy_abounding_circumciser,feature_goidelic_gobelin_ledge,0.965711071228795
feature_malarian_multinuclear_averroist,feature_hydrokinetic_idyllic_archetype,0.99372306495172
feature_mandibulate_whining_localizer,feature_palimpsest_inoffensive_coiffeuse,0.997938916849818
feature_marmalade_felled_teratogeny,feature_proteinic_marcan_anxiety,0.996533632883785
feature_marxian_subminiature_minx,feature_colourable_lapsable_foliage,0.996721004079256
feature_massed_nonracial_ecclesiologist,feature_instructional_desensitized_symmetallism,1
feature_mattery_past_moro,feature_inflammable_numb_anticline,1
feature_maximal_unobserving_desalinisation,feature_altimetrical_muddled_symbolism,0.885984627555855
feature_mazy_superrefined_punishment,feature_phantasmal_extenuative_britain,0.987071387512497
feature_mellifluent_homeomorphic_emmanuel,feature_undevout_sonant_westerner,0.960933105744282
feature_mephitic_televisionary_breeder,feature_likeliest_exhaled_middlemarch,0.95531196988015
feature_merovingian_tenebrism_hartshorn,feature_undependable_stedfast_donegal,1
feature_mesoblastic_anatolian_deodand,feature_isoseismic_rhinocerotic_narceine,0.953813000316382
feature_messy_glottic_ciborium,feature_epithelial_apodictic_constructivism,0.998688401631702
feature_metabolic_minded_armorist,feature_tricksiest_pending_voile,0.938073819896812
feature_methylated_necrophilic_serendipity,feature_gambrel_unblessed_gigantomachy,0.980607081268745
feature_midget_noncognizable_plenary,feature_snatchy_xylic_institution,0.997938916849818
feature_midnightly_falser_replacement,feature_revitalizing_intersectional_dysthymia,1
feature_migrant_reliable_chirurgery,feature_unheeded_stylar_planarian,0.966273184815208
feature_mined_game_curse,feature_unappeasable_employed_photoelectron,0.963181560089935
feature_misanthropic_knurliest_freebooty,feature_superjacent_grubby_axillary,0.965336328837853
feature_mobile_savoyard_maidenhead,feature_intranational_sepulchral_clacton,0.997845231252083
feature_monocarpic_grey_hanger,feature_dichotomic_tenpenny_myotonia,0.909968140576152
feature_moralistic_heartier_typhoid,feature_fearsome_merry_bluewing,1
feature_more_hindoo_diageotropism,feature_kissable_forfeit_egotism,0.998219973643025
feature_mortal_sovran_powerboat,feature_costliest_heavenly_bovver,0.995877833699637
feature_motherly_chalkier_woking,feature_baptist_undelayed_mannerism,1
feature_mouldiest_clostridial_paper,feature_exoergic_unschooled_lipid,0.998594716033967
feature_mucky_loanable_gastrostomy,feature_ectodermal_mandaean_saffian,1
feature_muddier_besieged_escarp,feature_anencephalic_unattempted_pschent,0.957373053030332
feature_multicostate_undescended_monoacid,feature_loftier_sightly_lyric,0.960370992157869
feature_multilinear_sharpened_mouse,feature_vendean_thwartwise_resistant,0.98763350109891
feature_multiplicate_taunt_vena,feature_grassier_sizy_chorale,0.870058075940814
feature_munificent_stupid_hitlerism,feature_peccant_zanier_undersigned,0.979576539693654
feature_muskiest_transcendentalist_pantheism,feature_syndicalistic_epaxial_caldarium,0.917462988394995
feature_muted_gaulish_symmetry,feature_millenary_aliquot_hangdog,0.99119355381286
feature_myographic_gawkier_timbale,feature_coalier_hircine_brokerage,0.947817122061307
feature_myological_adducent_puebla,feature_unreprimanded_evocable_briard,1
feature_naval_edified_decarbonize,feature_small_cumulative_graywacke,1
feature_nebule_barmier_bibliomania,feature_navigational_enured_condensability,0.998688401631703
feature_necrophiliac_unsublimated_rudd,feature_unforeboding_succeeding_wildcatter,0.999250515218116
feature_neptunian_supersensitive_stapler,feature_unscaling_pedantic_fingernail,1
feature_neurophysiological_runcinate_yardang,feature_expended_evitable_darwinian,0.931796884848532
feature_newish_eosinophilic_sciaenoid,feature_unperched_forgetive_vasoconstrictor,1
feature_newish_vortical_upthrow,feature_antenuptial_moonlit_incidence,0.896008986513557
feature_nicer_fernier_banderilla,feature_squirarchal_bioplasmic_delay,0.995784148101901
feature_nine_nimbused_cooperative,feature_unpriced_sniffiest_marvel,0.988851413869471
feature_nipping_pinnate_attempter,feature_lucullian_unshunned_ulex,0.977796513336679
feature_nobiliary_nativist_pull,feature_turanian_satiable_millicent,1
feature_nomothetic_autistic_ilk,feature_sanctioned_sunny_lily,0.988757728271736
feature_nonclinical_stewed_disreputability,feature_overexcitable_filmier_queening,0.918587215567821
feature_nonfunctional_cnemial_illocution,feature_seminarial_catachrestic_i've,0.998219973643025
feature_nubblier_plosive_deepening,feature_circumnavigable_naughty_retranslation,1
feature_nucleophilic_uremic_endogen,feature_gobioid_transhuman_interconnection,0.981075509257422
feature_nude_revived_unpredictability,feature_turbaned_excentric_rockery,0.987165073110232
feature_obeisant_vicarial_passibility,feature_rid_conveyable_cinchonization,0.985291361155522
feature_oblate_quivery_bottrop,feature_sovietism_interred_toile,0.951658231568464
feature_obverse_plumy_ultramontanism,feature_bellicose_lunatic_glorification,0.998126288045289
feature_octave_tingly_flitch,feature_mauve_supernumerary_hogan,0.992130409790215
feature_offshore_defamatory_catalog,feature_phyletic_separate_genuflexion,0.998219973643025
feature_often_awry_chyme,feature_nymphomaniac_cleaned_museologist,0.949690834016018
feature_olid_reunionistic_malachi,feature_retardative_telencephalic_heme,0.976672286163852
feature_opposable_argumentative_mesoblast,feature_cislunar_ritardando_gadwall,0.923365181052333
feature_oscillating_elaborated_mandatory,feature_impeded_propagandist_darer,0.998594716033967
feature_otherworldly_hallstatt_tolerator,feature_incredible_plane_sacque,1
feature_outdated_tapered_speciation,feature_loony_zirconic_hoofer,0.951470860372993
feature_outsized_admonishing_errantry,feature_bucked_costume_malagasy,0.993535693756248
feature_overfraught_chinked_jinx,feature_convergent_reborn_autoroute,0.988757728271736
feature_overmerry_quinary_raisin,feature_chaliced_evolutional_street,0.96580475682653
feature_oversea_permed_insulter,feature_stratocratic_aerodynamic_herero,0.999063144022645
feature_overt_smart_stendhal,feature_associable_additional_bough,1
feature_ovidian_compelling_popsy,feature_disincentive_unchallenged_aerobe,0.997657860056612
feature_ovular_powered_neckar,feature_evocable_woollen_guarder,0.996721004079256
feature_padded_peripteral_pericranium,feature_libratory_seizable_orlando,0.987165073110232
feature_palatalized_unsucceeded_induration,feature_lentissimo_ducky_quadroon,0.997189432067934
feature_palmary_hale_recital,feature_humpbacked_tribrachic_cosmotron,0.979482854095918
feature_palmy_superfluid_argyrodite,feature_undisturbing_quadrifid_reinhardt,0.991755667399273
feature_pansophic_merino_pintado,feature_hooly_chekhovian_phytogeographer,0.998969458424909
feature_parabolical_puberulent_heartburning,feature_mettlesome_concussive_twinkling,1
feature_paraffinoid_irreplevisable_ombu,feature_continued_conjugated_natalia,0.958403594605423
feature_parallelism_later_triennial,feature_hatched_myriad_biogen,0.98679033071929
feature_paramagnetic_complex_gish,feature_recreational_homiletic_nubian,0.995784148101901
feature_passable_premed_independent,feature_subglobose_sleekier_calcaneum,1
feature_passerine_ultraist_neon,feature_unreaving_intensive_docudrama,1
feature_patristical_analysable_langouste,feature_partible_amphibrachic_classicism,0.991943038594744
feature_peaty_vulgar_branchia,feature_genoese_uncreditable_subregion,0.970676407908778
feature_peculiar_sheenier_quintal,feature_balmiest_spinal_roundelay,0.980888138061951
feature_pedal_dissident_thummim,feature_rheumatic_bravest_pantisocracy,0.994191492940397
feature_pedological_unremitted_pappoose,feature_intime_impassible_ferrule,0.994659920929075
feature_pellicular_comeliest_charlatan,feature_psycholinguistic_junoesque_central,0.973299604645373
feature_peltate_okay_info,feature_unreversed_fain_jute,0.965336328837853
feature_perceivable_gasiform_psammite,feature_wheezier_unjaundiced_game,0.985853474741935
feature_perigean_bewitching_thruster,feature_unenthralled_sportful_schoolhouse,1
feature_periscopic_thirteenth_cartage,feature_choosier_uncongenial_coachwood,0.992973580169835
feature_peritectic_medallic_leaper,feature_depleted_omnidirectional_baluchi,0.971706949483869
feature_permanent_cottony_ballpen,feature_preceptive_rushed_swedenborgian,0.923458866650069
feature_persnickety_schmalziest_dolichocephaly,feature_unstarched_isogonic_alternation,0.953813000316382
feature_persuasible_ablest_menology,feature_explanatory_immature_cautery,0.915214534049342
feature_pert_performative_hormuz,feature_untidy_withdrawn_bargeman,1
feature_perturbed_dry_grosvenor,feature_darkened_campanulate_decerebrate,1
feature_petalled_backmost_crimplene,feature_inhospitable_necked_duckbill,0.997376803263405
feature_petitionary_evanescent_diallage,feature_eleatic_fellow_auctioneer,0.965242643240117
feature_phantasmagorial_lyophilized_chippendale,feature_cheerful_aphidian_orchestrion,0.977609142141207
feature_phantasmal_stomachal_peperoni,feature_dendritic_phytographic_skydiving,0.93601273674663
feature_phellogenetic_vibrational_jocelyn,feature_unimproved_courtliest_uncongeniality,0.986321902730612
feature_phenomenal_photosynthetic_berg,feature_unthawed_moved_theft,0.953906685914118
feature_philologic_errhine_nubbin,feature_goofy_glassed_cetacea,0.993442008158513
feature_photolithographic_attenuate_serapeum,feature_biobibliographical_carnal_atomisation,0.998688401631703
feature_picked_inferrible_lanark,feature_maltese_flaggiest_platelayer,1
feature_pictographic_epithetic_pleiocene,feature_pulmonic_bladed_affray,0.998875772827173
feature_piffling_inflamed_jupiter,feature_ironfisted_nonvintage_chlorpromazine,1
feature_pinioned_desiccated_renegade,feature_vapourish_ichthyotic_causerie,0.991568296203802
feature_placable_conscionable_mickey,feature_supportive_explanatory_powder,1
feature_plaguy_preceding_hosteller,feature_downiest_spenserian_evadne,0.953625629120911
feature_planar_unessential_bride,feature_clenched_wayward_coelostat,0.880082434898517
feature_planned_superimposed_bend,feature_entopic_interpreted_subsidiary,0.999250515218116
feature_plausive_carboxyl_elaborator,feature_unamenable_prevalent_trilobite,1
feature_plexiform_won_elk,feature_accommodable_crinite_cleft,0.977515456543472
feature_plutonian_unsegregated_meringue,feature_lentissimo_zymolytic_earwig,1
feature_poachier_unsufferable_bile,feature_martinique_tingliest_gynaecocracy,0.997095746470198
feature_polaroid_squalliest_applause,feature_cortical_halt_catcher,0.986509273926083
feature_polybasic_unbreathed_magdeburg,feature_multipolar_syncopated_ambrotype,1
feature_polymorphic_climactic_corslet,feature_submontane_schmaltzy_piggyback,0.99728311766567
feature_pongid_agentive_rhomboid,feature_realisable_defeatist_japer,0.912591337312747
feature_porky_gyratory_whitewall,feature_unmoaned_attritional_crenation,0.993629379353984
feature_powdered_incased_project,feature_tenth_contrasting_slice,0.950252947602431
feature_pozzolanic_keltic_nymphomania,feature_aeolic_downy_forefinger,0.958590965800894
feature_precooled_inoperable_credence,feature_hardback_saturnalian_cyclometer,0.989788269846827
feature_prefab_stabbing_declivity,feature_flagging_undenominational_gauffering,0.993160951365306
feature_preparatory_sown_rehearser,feature_subversive_guardable_kago,0.974049089427257
feature_prepotent_swedish_superexcellence,feature_dental_stormier_chape,1
feature_preservable_panchromatic_roadhouse,feature_terpsichorean_hatable_glut,0.986977701914761
feature_pressed_animalcular_garden,feature_juvenalian_typical_langton,0.928705260123259
feature_prettyish_lapsed_manifest,feature_doctrinal_viewier_dentary,0.996814689676992
feature_prevailing_nubile_hearst,feature_flamier_confusing_dithering,1
feature_prevailing_thrifty_organicism,feature_discombobulated_fourierism_histopathologist,0.976578600566117
feature_principled_inspiratory_loupe,feature_irresponsible_unearthly_neat,0.99203672419248
feature_proletary_nonionic_varment,feature_untinned_dextrogyrate_fining,1
feature_pronominal_rampant_megaspore,feature_milkier_gassy_pincushion,1
feature_protanopic_reptant_nimiety,feature_bronchitic_miscible_inwall,0.904065947918813
feature_protolithic_ontogenic_fusibility,feature_apprehensible_assuring_schappe,0.99559677690643
feature_provable_downstair_titicaca,feature_froward_flattering_cretic,0.986228217132876
feature_provisionary_unfostered_subadar,feature_uncharmed_rallying_ostracon,0.974142775024993
feature_pseudo_ungeared_dullard,feature_disillusive_saltant_placidity,0.992973580169835
feature_puberulent_nondescript_laparoscope,feature_shrinelike_unreplaceable_nitrogenization,1
feature_publishable_apiarian_rollick,feature_required_bibliological_tonga,0.965148957642382
feature_pulverulent_tarnal_sitting,feature_transpositional_undisciplinable_ancestor,0.913247136496896
feature_pycnostyle_unenjoyable_balladry,feature_pitchiest_dresden_barnard,0.994940977722281
feature_quadratic_untouched_liberty,feature_cyanophyte_emasculated_turpin,0.999625257609058
feature_quaggy_constabulary_mismanagement,feature_overlarge_societal_alternator,0.950346633200167
feature_qualifiable_dragging_mankind,feature_fungible_allotted_deterioration,0.951002432384316
feature_quarrelsome_sneakiest_misadventure,feature_indefeasible_abject_faucet,0.996814689676992
feature_questionable_diplex_caesarist,feature_hunchbacked_unturning_meditation,0.998688401631703
feature_quinsied_increased_braincase,feature_forcipate_laced_greenlet,0.99035038343324
feature_radiculose_perfectionistic_swing,feature_spiroid_semblable_glimpse,0.953625629120911
feature_raglan_gouty_twiddler,feature_disapproving_behind_dampener,0.997938916849818
feature_randomized_dystonic_knar,feature_endogamic_suasible_boasting,0.99475360652681
feature_rascal_unprintable_lansing,feature_expectative_zonate_stockbroker,0.99728311766567
feature_ratable_wrapround_epitome,feature_cyclone_disappointing_trollopean,0.997283117665669
feature_rationalist_crippled_dreadnaught,feature_interpenetrative_boustrophedon_proudhon,0.985478732350992
feature_ratlike_matrilinear_collapsability,feature_dexter_unstifled_snoring,0.979576539693654
feature_reachable_angled_irrevocability,feature_aweary_fruiting_climb,0.984822933166844
feature_recidivism_petitory_methyltestosterone,feature_leaky_overloaded_rhodium,0.998219973643025
feature_reclaimed_fallibilist_turpentine,feature_floatiest_quintuplicate_carpentering,0.999250515218116
feature_reclinate_cruciform_lilo,feature_carbuncled_athanasian_ampul,1
feature_reconciling_dauby_database,feature_unexalted_rebel_kofta,0.964212101665026
feature_reduplicate_conoid_albite,feature_dietetic_unscholarly_methamphetamine,0.999344200815851
feature_reflected_vast_rhetor,feature_desensitizing_distributive_bidder,0.985010304362314
feature_refreshed_untombed_skinhead,feature_noctilucent_subcortical_proportionality,0.998407344838496
feature_registered_arrayed_galactagogue,feature_scrappier_seen_phalanx,0.995877833699637
feature_reminiscent_unpained_ukulele,feature_unyielding_dismal_divertissement,0.998875772827174
feature_renegade_undomestic_milord,feature_divulsive_explanatory_ideologue,1
feature_renowned_phthisic_ferrate,feature_coated_transitory_oersted,0.972456434265753
feature_reported_slimy_rhapsody,feature_indusiate_canned_cosh,1
feature_representable_ungored_zoffany,feature_ministrative_slurred_parenchyma,0.981824994039306
feature_reproving_aurorean_parlour,feature_escheatable_miscreative_provence,0.963181560089935
feature_reserved_cleanable_soldan,feature_exertive_unmodernised_scaup,0.99812628804529
feature_residentiary_rollable_boaz,feature_perceptive_unnavigable_elegancy,0.98426081958043
feature_resoluble_shortened_albumin,feature_vermillion_platyrrhine_demulsification,0.971988006277075
feature_resolutive_betrothed_recession,feature_marginal_irredeemable_neat,1
feature_resonant_elusive_monetisation,feature_fertilised_lakier_offside,0.995034663320017
feature_restricted_aggregately_workmanship,feature_skim_unmeant_bandsman,0.960652048951076
feature_resupine_pectic_marathonian,feature_bluff_carbonyl_verbena,0.999063144022645
feature_resuscitative_communicable_brede,feature_unhonoured_detested_xenocryst,0.996814689676992
feature_retinoscopy_flinty_wool,feature_spicier_unstripped_initial,0.99662731848152
feature_revealable_aeonian_elvira,feature_laced_scraggly_grimalkin,0.88317405962379
feature_revitalizing_dashing_photomultiplier,feature_testicular_slashed_ventosity,0.999906314402265
feature_rheumy_epistemic_prancer,feature_polaroid_vadose_quinze,1
feature_rimmed_conditional_archipelago,feature_unappreciated_humiliated_misapprehension,0.919711442740648
feature_rival_leninist_philippine,feature_stunning_unladen_ockham,0.955593026673357
feature_roasting_slaked_reposition,feature_gravimetric_ski_enigma,0.999344200815851
feature_rockier_overdelicate_barostat,feature_castrated_inculpatory_pea,0.956623568248448
feature_roiling_trimeric_kurosawa,feature_completive_pedantical_sinecurist,0.987352444305703
feature_rowable_unshod_noise,feature_carolean_tearable_smoothie,1
feature_rubblier_chlorotic_stogy,feature_demolished_unfrightened_superpower,1
feature_ruffianly_uncommercial_anatole,feature_pluviometrical_biannual_saiga,0.998032602447554
feature_ruly_comtist_passerine,feature_touring_urnfield_sequestrum,0.997376803263405
feature_ruptured_activist_twill,feature_pudendal_unterrifying_hagdon,0.995971519297372
feature_rural_inquisitional_trotline,feature_clenched_wayward_coelostat,0.855724179487278
feature_russety_boustrophedon_dactylogram,feature_scombroid_genoese_kilojoule,0.931703199250796
feature_rusted_unassisting_menaquinone,feature_cynic_unreckonable_feoffment,0.975922801381968
feature_ruthenian_uncluttered_vocalizing,feature_mythic_florentine_psammite,0.990256697835504
feature_ruthenic_pinchbeck_limitarian,feature_garlicky_allopatric_sarcocarp,0.953719314718646
feature_saclike_pulverizable_doornail,feature_enteric_booked_flexography,0.953438257925439
feature_sainted_nosiest_covenant,feature_satisfied_aymaran_enterotomy,0.982012365234777
feature_salian_suggested_ephemeron,feature_differing_peptizing_womaniser,0.958590965800894
feature_sallowish_cognisant_romaunt,feature_wrathful_prolix_colotomy,0.957185681834861
feature_satanic_hominoid_lingo,feature_lathery_uncarpeted_prolactin,0.973674347036315
feature_saturate_unsentimental_allograph,feature_ideological_trinal_rebuttal,1
feature_saving_inhabitable_lighthouse,feature_pectoral_couthie_epiphenomenon,0.924770465018366
feature_savory_engrained_undervest,feature_uranian_gorier_melancholy,1
feature_scenic_cormophytic_bilirubin,feature_incertain_catchable_zibet,1
feature_scenographical_dissentient_trek,feature_wariest_vulnerable_unmorality,0.987914557892116
feature_scholiastic_dreamful_wardship,feature_unsoaped_waspier_much,0.993723064951719
feature_sclerotic_resupinate_hard,feature_knowing_humid_justifiability,0.979670225291389
feature_scorbutic_intellectualism_mongoloid,feature_ungenuine_sporophytic_evangelist,0.951564545970729
feature_screwy_asianic_balanchine,feature_gerundival_puristic_gobioid,1
feature_scrobiculate_unexcitable_alder,feature_strip_honoured_trail,0.998875772827173
feature_scythian_lithographical_whigmaleerie,feature_aleatory_phallic_swingtree,1
feature_scythian_supposed_fortalice,feature_heterotactic_masculine_liquidity,0.973861718231786
feature_seamier_jansenism_inflator,feature_unprovisioned_aquatic_deuterogamy,0.986321902730612
feature_secernent_condensed_lynchet,feature_circulating_abolition_ethyne,0.953063515534497
feature_seclusive_emendatory_plangency,feature_healthier_unconnected_clave,0.903129091941458
feature_seemlier_reorient_monandry,feature_midmost_perspiratory_hubert,0.9517519171662
feature_seismographic_matronly_dimeter,feature_peak_interpretive_lahti,0.953344572327704
feature_semestral_unapplausive_warfarin,feature_regurgitate_demolition_downstate,0.98782087229438
feature_semibold_disparaging_turnip,feature_fremd_cricoid_gibberellin,1
feature_septarian_vapory_thatching,feature_antacid_thermogenic_wilhelm,0.984635561971373
feature_septic_cuticular_cape,feature_logistical_ahistorical_congregation,0.962806817698993
feature_septicemic_telangiectatic_flake,feature_walnut_sceptical_crystallization,0.987446129903438
feature_sere_hateable_conspicuity,feature_aaronic_unexampled_arguer,0.950534004395638
feature_servomechanical_wally_picul,feature_speediest_nautical_edge,0.998875772827173
feature_seven_entomological_boothose,feature_overrank_shavian_epitaxy,0.970676407908778
feature_severe_tricky_pinochle,feature_soviet_zibeline_profiler,0.99728311766567
feature_sexiest_academical_recce,feature_unmanaged_amative_grog,1
feature_shabbiest_bewildering_editorialization,feature_unconfessed_paltry_finn,0.966366870412943
feature_shielded_specialized_goalie,feature_inlaid_defensible_gladiator,0.976953342957058
feature_shouted_weary_hagberry,feature_bedfast_primordial_hyponym,0.969926923126894
feature_sidearm_pitchiest_line,feature_toadyish_illiterate_famishment,0.996908375274728
feature_silver_handworked_scauper,feature_piping_geotactic_cusp,1
feature_sixteen_inbreed_are,feature_vegetable_manlier_macaco,0.999063144022645
feature_slack_calefacient_tableau,feature_unpainted_censual_pinacoid,0.997002060872463
feature_sleaziest_neediest_yawn,feature_exploding_delectable_aril,0.995409405710959
feature_sludgiest_telltale_mutant,feature_korean_bassy_strewing,0.99559677690643
feature_sludgy_implemental_sicily,feature_concoctive_symmetric_abulia,0.997002060872463
feature_smoggy_niftiest_lunch,feature_purblind_autarkic_pyrenoid,0.998407344838496
feature_smugger_hydroponic_farnesol,feature_unimpressed_uninflected_theophylline,0.963837359274084
feature_socialized_obconical_itemization,feature_excursive_slaggy_confutation,0.995971519297372
feature_softish_unseparated_caudex,feature_uncompelled_curvy_amerindian,0.964867900849175
feature_sole_soapy_tangible,feature_prostate_kernelly_chromogen,0.950534004395638
feature_sooth_declinatory_chaton,feature_sullied_vulval_disappointing,0.99559677690643
feature_sorted_ignitable_sagitta,feature_eucharistic_widowed_misfeasance,0.988008243489852
feature_spagyric_echt_alum,feature_sardonic_primary_shadwell,0.979763910889125
feature_spicier_caller_billfold,feature_diluted_maxillary_denouement,0.965055272044646
feature_spinal_tainted_effort,feature_rubbliest_cinnamic_gioconda,0.99915682962038
feature_spiroid_chuffy_dachshund,feature_undrowned_ascending_pungency,0.993535693756248
feature_splitting_sexagesimal_teutonisation,feature_marled_coliform_proctorship,0.962900503296729
feature_spongiest_sunbeamed_connolly,feature_uncropped_tipsier_postulator,0.998219973643025
feature_spookiest_expedite_overnighter,feature_ruptured_designing_interpolator,1
feature_springlike_crackjaw_bheesty,feature_happening_tristful_yodeling,0.996908375274727
feature_squishiest_unsectarian_support,feature_lateral_confervoid_belgravia,0.996908375274727
feature_steepled_transistorized_shelter,feature_wounded_crook_gargoylism,1
feature_stelar_balmiest_pellitory,feature_contraceptive_cartelist_beast,0.96496158644691
feature_stentorian_contraband_swarajism,feature_adverbial_inexplicable_schul,1
feature_stereo_orthotone_infernal,feature_cristate_desirable_chime,1
feature_stereotypic_ebracteate_louise,feature_bricky_runed_bottleful,0.970770093506514
feature_stockier_ghastlier_spectrogram,feature_concise_tangy_bentham,0.95259508754582
feature_store_apteral_isocheim,feature_tragical_rainbowy_seafarer,1
feature_streamlined_constricting_boz,feature_conducive_underlying_snood,0.993442008158513
feature_strychnic_structuralist_chital,feature_agee_sold_microhabitat,0.997002060872463
feature_stupid_untidying_fraud,feature_unelected_authorized_lucia,0.997751545654347
feature_stylar_denudate_intonation,feature_cyanotic_unblissful_aeration,0.996533632883785
feature_stylistic_honduran_comprador,feature_bijou_penetrant_syringa,0.997376803263405
feature_subapostolic_dungy_fermion,feature_educational_caustic_mythologisation,0.995315720113223
feature_subcordate_hypsometric_matriarchate,feature_trad_unreduced_banian,0.999250515218116
feature_subcultural_overbearing_assiduity,feature_smuggled_scarabaeoid_fastball,0.971988006277076
feature_subdued_spiffier_kano,feature_gyroidal_embowed_pilcher,0.998219973643025
feature_subglobular_unsalable_patzer,feature_inconsiderate_unbooted_ricer,0.999437886413587
feature_subject_shaggier_relapse,feature_unadjusted_dissectible_warley,0.953719314718646
feature_submediant_serbonian_rangefinder,feature_store_comforted_goiter,0.994097807342661
feature_subovate_deicidal_brett,feature_devoured_disunited_didn't,0.994191492940397
feature_subsidiary_enzymatic_hedonist,feature_unspoilt_astronomical_lumper,0.950815061188845
feature_substandard_permissible_paresthesia,feature_orchitic_reported_coloration,0.963556302480878
feature_sudsy_polymeric_posteriority,feature_denuded_typed_wattmeter,0.999812628804529
feature_suggestive_sexological_massasauga,feature_spellable_quintic_idiotism,0.997189432067933
feature_sulkier_inebriated_sadduceeism,feature_pourable_multangular_requisition,0.937605391908135
feature_sulpha_wiring_ambiance,feature_guardant_irrepealable_onanist,1
feature_sumatran_lobose_novice,feature_treacly_heuristic_binding,0.936574850333043
feature_sunk_pyrrho_allah,feature_tangled_dropsical_uprooter,0.996814689676992
feature_supergene_legible_antarthritic,feature_glibber_deficient_jakarta,0.998969458424909
feature_symphysial_cossack_bonaparte,feature_humiliating_numerate_goldminer,1
feature_synoptic_botryose_earthwork,feature_twittery_tai_attainment,0.936668535930779
feature_syrian_coital_counterproof,feature_inured_conservable_forcer,0.99915682962038
feature_systematic_nappiest_bruiser,feature_falsifiable_performative_maxixe,1
feature_talcose_patelliform_cana,feature_rhinological_downier_gamb,0.996252576090578
feature_tanagrine_balconied_shut,feature_uneffaced_unintermitted_spurt,0.947067637279424
feature_tarry_meet_chapel,feature_gambogian_feudalist_diocletian,0.998782087229438
feature_teenage_tapetal_infector,feature_unassimilable_chunky_flattie,0.985385046753257
feature_telangiectatic_unwon_machtpolitik,feature_scroddled_groaning_sanctuary,0.995128348917752
feature_telephonic_shakable_bollock,feature_supercelestial_telic_dyfed,0.94903503483187
feature_telial_gnarliest_darmstadt,feature_interconnected_correlatable_exogamy,1
feature_telling_collinear_estanciero,feature_heterotopic_choreographic_argentina,0.973299604645373
feature_temporary_dreamful_aldershot,feature_polyzoarial_histologic_shallop,1
feature_tensed_cinnamonic_league,feature_analgesic_ardent_conservatoire,0.911092367748978
feature_tepidity_endocrinal_altaic,feature_natant_wriest_dollop,0.99475360652681
feature_tercentenary_triliteral_formosa,feature_lamplit_unengaged_mommy,0.967303726390299
feature_teriyaki_splashy_inaptitude,feature_bespangled_prim_might,0.997845231252083
feature_ternary_plump_floridity,feature_often_undermanned_nudist,0.953344572327704
feature_terrific_epigamic_affectivity,feature_seediest_ramshackle_reclamation,0.954843541891473
feature_tested_kinkiest_levigation,feature_homelike_telltale_silvan,0.994847292124546
feature_thalamencephalic_derisory_carte,feature_parsonish_rutty_citronella,0.976203858175174
feature_theban_byronic_prolation,feature_hidden_blue_bibber,1
feature_theocratic_discriminate_subchloride,feature_hefty_hesitant_mantissa,1
feature_theocratical_shredded_categorist,feature_jangly_weedier_bhang,1
feature_theophanic_winded_passacaglia,feature_scald_vanishing_enchainment,0.982480793223455
feature_thousandfold_cairned_commutator,feature_unapprehensive_thickety_etherification,0.998782087229438
feature_thumblike_aniconic_plantagenet,feature_australasian_dissatisfactory_intermarriage,1
feature_tidied_tinnier_sacker,feature_rifled_mum_ova,0.997751545654347
feature_tiniest_rangiest_investment,feature_periclean_proportionable_amaranth,1
feature_titillative_pledged_breccia,feature_epigraphic_leucocratic_rutherford,0.986696645121554
feature_tittering_virgilian_decliner,feature_mightier_chivalric_kana,0.999625257609058
feature_together_suppositive_aster,feature_objective_micro_langton,0.937792763103606
feature_toilful_exordial_synchro,feature_noetic_thermometric_pique,0.983979762787224
feature_tonal_graptolitic_corsac,feature_glyphographic_reparable_empyrean,0.990444069030976
feature_tortured_arsenical_arable,feature_incondite_undisappointing_telephotograph,0.997376803263405
feature_torturesome_estimable_preferrer,feature_conjoint_transverse_superstructure,0.9517519171662
feature_tossing_denominative_threshing,feature_ovine_bramblier_leaven,0.998501030436232
feature_totemic_unshaded_encore,feature_literal_memoriter_heavy,0.986228217132876
feature_trabeate_eutherian_valedictory,feature_brackish_obstructed_almighty,0.963743673676349
feature_tranquilizing_abashed_glyceria,feature_grimmest_prostate_doctrinaire,0.993816750549455
feature_transmontane_clerkly_value,feature_liftable_direful_polyploid,0.938729619080961
feature_transpiring_subsolar_biggy,feature_sinister_footworn_tilling,0.994097807342662
feature_travelled_semipermeable_perruquier,feature_coraciiform_sciurine_reef,1
feature_treed_nomographic_trivet,feature_schizomycetic_gooey_mynah,0.927955775341375
feature_triadic_vitreum_gelding,feature_untamed_contemplative_deism,0.99391043614719
feature_tribal_germinable_yarraman,feature_peckish_impetrative_kanpur,0.998407344838496
feature_tricksy_dithyrambic_pallet,feature_runniest_unstaying_toom,1
feature_trim_axial_suffocation,feature_guttering_half_spondee,0.987446129903439
feature_trochaic_metonymic_dichogamy,feature_interfemoral_battered_ghetto,0.997751545654347
feature_tweedy_noncontroversial_poisoner,feature_precursory_catching_inertia,0.997938916849818
feature_twentieth_pampered_statocyst,feature_prototypical_daylong_glop,0.995409405710959
feature_twilled_eliminable_orthoepy,feature_stannic_peevish_idocrase,0.998501030436232
feature_twinning_inconsequent_quercetin,feature_perverted_unapproving_sawyer,0.955780397868828
feature_twisty_adequate_minutia,feature_mancunian_stalky_charmeuse,0.995222034515488
feature_tyrian_wretched_frangipane,feature_chariest_unimplored_towboat,0.988289300283058
feature_umbonate_haired_grisette,feature_depletory_cannular_automatism,0.998688401631703
feature_umbrella_sternmost_cloverleaf,feature_heliotypic_deprivative_behavior,0.980794452464215
feature_unabolished_monographical_egestion,feature_inhospitable_baked_elopement,0.997376803263405
feature_unadjusted_citified_tupelo,feature_reproachable_foliaged_lysozyme,0.991943038594744
feature_unaimed_yonder_filmland,feature_newfangled_huddled_gest,0.998219973643025
feature_unaired_operose_lactoprotein,feature_cyclopedic_maestoso_daguerreotypist,0.998032602447554
feature_unaltered_squeezable_subway,feature_terminative_extroverted_interpretation,0.992411466583422
feature_unamazed_tumular_photomicrograph,feature_multiseriate_oak_benzidine,0.980981823659687
feature_unapplicable_jerkiest_klemperer,feature_conchal_angriest_oophyte,0.998032602447554
feature_unassimilated_waxed_vesicle,feature_geomorphological_uncompanioned_colander,0.978639683716298
feature_unattached_flowing_longfellow,feature_stimulant_proximal_moocher,0.954281428305059
feature_unawakening_escapism_totemist,feature_inducible_home_immovability,1
feature_unbagged_parliamentary_plough,feature_diocesan_reinvigorated_ebullience,0.997751545654348
feature_unbeaten_orological_dentin,feature_heedful_argyle_russianization,0.997376803263405
feature_unbenign_unpromising_aglet,feature_entozoic_adolescent_asci,0.994097807342662
feature_unblamed_mammoth_commie,feature_pedicular_fanfold_beseecher,0.999437886413587
feature_unblunted_titubant_sequoia,feature_inadequate_unisex_internationalisation,1
feature_unbreakable_nosological_comedian,feature_coseismic_surpassable_invariance,0.999437886413587
feature_unburied_exponent_pace,feature_narcotized_collectivist_evzone,0.999906314402265
feature_uncertified_myrmecological_nagger,feature_bootleg_clement_joe,0.985291361155521
feature_uncharged_unovercome_smolder,feature_coactive_bandoleered_trogon,0.992411466583422
feature_unco_terefah_thirster,feature_reduplicative_appalling_metastable,0.967772154378976
feature_uncomplimentary_malignant_scoff,feature_nubby_sissified_value,0.966460556010679
feature_uncompromising_fancy_kyle,feature_scarcest_vaporized_max,0.96664792720615
feature_uncurtailed_translucid_coccid,feature_elohistic_totalitarian_underline,0.982668164418926
feature_undebauched_conservatory_doronicum,feature_inhibiting_supernatural_runyon,0.980326024475538
feature_undemocratic_unrhymed_subarea,feature_intermingled_reedier_rookery,1
feature_underlying_pegmatitic_disperser,feature_twistable_comely_licensee,0.996533632883785
feature_undersealed_waxiest_floriculturist,feature_unheeding_tauromachian_ballup,0.996814689676992
feature_undersexed_agone_metaplasm,feature_bulbed_viscose_toy,0.885797256360384
feature_undescribed_methylic_friday,feature_deckled_exaggerative_algol,0.998688401631702
feature_undetermined_idle_aftergrowth,feature_recipient_perched_dendrochronologist,0.975360687795555
feature_undirected_perdu_ylem,feature_saclike_hyphal_postulator,0.99662731848152
feature_undisguised_whatever_gaul,feature_translucid_neuroanatomical_sego,0.996908375274727
feature_undissociated_fuzziest_monoamine,feature_virtuosic_afflicted_sumatra,0.962900503296729
feature_undistilled_controllable_quad,feature_endermatic_toasted_donald,0.998969458424909
feature_undivorced_unsatisfying_praetorium,feature_censorial_leachier_rickshaw,1
feature_undrossy_serpentiform_sack,feature_singhalese_cerographical_ego,0.997751545654347
feature_unemotional_quietistic_chirper,feature_born_valvular_blob,1
feature_unexceptionable_saprozoic_culturist,feature_fascial_biserrate_pout,1
feature_unextinct_smectic_isa,feature_hermitical_stark_serfhood,0.997189432067934
feature_unfathered_roofed_taskmaster,feature_adynamic_ramstam_urtica,0.997751545654347
feature_unfearing_phraseological_adder,feature_smashed_gynaecoid_septa,1
feature_unflagging_goodlier_invalidism,feature_unreduced_massive_hull,0.995409405710959
feature_unforbidden_flaming_settlement,feature_biaxal_forworn_sixty,0.974517517415935
feature_unforbidden_highbrow_kafir,feature_godliest_consistorian_woodpecker,0.99035038343324
feature_unforced_atwitter_nailer,feature_contrasty_ablaze_canaster,0.952969829936762
feature_unforeboding_cometic_billionaire,feature_hemihedral_fumed_marquisette,0.996533632883785
feature_unheaded_unmated_behaviour,feature_coercible_fecal_steradian,0.965523700033324
feature_unhygienic_brevipennate_viol,feature_leafiest_unrepaired_indemnification,0.978827054911769
feature_uninclosed_handcrafted_springing,feature_percipient_atelectatic_cinnamon,0.998126288045289
feature_univalve_abdicant_distrail,feature_septuple_bonapartean_sanbenito,0.933483225607771
feature_unkindled_apterygial_contributory,feature_recommendatory_prissy_flutter,0.997470488861141
feature_unknown_reusable_cabbage,feature_confusable_pursy_plosion,0.998875772827173
feature_unlawful_superintendent_brunet,feature_overjoyed_undriven_sauna,0.969271123942745
feature_unlike_creeping_mammock,feature_archaean_unregarded_caravel,0.998032602447554
feature_unlike_guelfic_sculp,feature_crushed_gleg_reintroduction,0.982668164418926
feature_unlivable_morbific_traveling,feature_misfeatured_sometime_tunneler,0.97629754377291
feature_unliving_bit_bengaline,feature_wistful_tussive_cycloserine,0.964493158458233
feature_unlocked_tetraethyl_mobility,feature_shellier_dowable_chyme,0.99643994728605
feature_unluckiest_mulley_benzyl,feature_tearing_unkingly_adulthood,1
feature_unmalleable_resistant_kingston,feature_deformable_unitary_schistosity,0.98341764920081
feature_unmeaning_ungyved_outboard,feature_frogged_slightest_patmore,1
feature_unmechanized_completed_specializer,feature_exuberant_helicoidal_baldachin,0.997938916849818
feature_unmentioned_peddling_arboretum,feature_sphygmic_young_latium,0.981637622843835
feature_unministerial_albinotic_salish,feature_kinematical_absorbable_specialisation,0.967303726390299
feature_unmodernized_vasodilator_galenist,feature_blubbery_octahedral_bushfire,0.957747795421274
feature_unmoved_alt_spoonerism,feature_unshaken_ahorse_wehrmacht,0.939947531851523
feature_unmown_circumventive_drayage,feature_unworked_tribadic_catalyst,0.995784148101901
feature_unnetted_bay_premillennialist,feature_flawy_caller_superior,0.98341764920081
feature_unnourishing_indiscreet_occiput,feature_reservable_peristomal_emden,0.960183620962398
feature_unperfect_implemental_cellarage,feature_irritant_reciprocal_pelage,0.941352815817556
feature_unpruned_pedagoguish_inkblot,feature_bearable_sacrificial_sewer,0.997751545654347
feature_unrated_intact_balmoral,feature_brawling_unpeppered_comedian,0.990444069030976
feature_unrelieved_rawish_cement,feature_donsie_folkish_renitency,0.997095746470199
feature_unrequired_waxing_skeptic,feature_dormie_sodden_steed,1
feature_unsafe_perspectivist_dairyman,feature_superhuman_coenobitical_scotticism,0.96833426796539
feature_unsafe_trodden_wintle,feature_diphthongal_unvisored_knothole,0.991006182617389
feature_unsatisfied_mesopotamian_woodruff,feature_exhilarative_agleam_hebron,0.997938916849818
feature_unscheduled_malignant_shingling,feature_floriated_amish_sprite,1
feature_unsealed_suffixal_babar,feature_iffy_pretty_gumming,0.99831365924076
feature_unseasonable_weathered_med,feature_infested_feathered_pen,0.997657860056612
feature_unsensualized_classier_professionalisation,feature_grizzled_reformist_soberer,0.96224470411258
feature_unseparable_cedarn_orcadian,feature_planular_naturistic_pinhead,0.983417649200811
feature_unshaped_compound_trunkfish,feature_sweatier_orbital_arrhenotoky,0.995222034515488
feature_unshingled_dotier_bose,feature_axonometric_unkindly_sienna,0.976578600566116
feature_unshuttered_curly_uvular,feature_unhazarded_droning_bellow,1
feature_unsolvable_majuscular_caique,feature_chorionic_coated_undergraduette,0.99728311766567
feature_unsparing_moralistic_commissary,feature_overstrung_dysmenorrheal_ingolstadt,0.998126288045289
feature_unsparred_scarabaeid_anthologist,feature_corniest_undue_scall,0.987446129903439
feature_unspotted_practiced_gland,feature_doggish_mouthwatering_abelard,0.964867900849175
feature_unstacked_trackable_blizzard,feature_triangled_rubber_skein,0.997564174458876
feature_unstaying_contrary_ichor,feature_tetrabasic_enervated_hemiparasite,0.994940977722282
feature_unstitched_peppercorny_value,feature_conglomerate_amphipod_sewellel,0.962806817698993
feature_unsurveyed_boyish_aleph,feature_lacerable_backmost_vaseline,0.998032602447554
feature_unsurveyed_chopped_feldspathoid,feature_rankine_meaty_port,0.998875772827174
feature_unsyllabled_skin_underworkman,feature_tutelary_mangier_cryoscopy,0.967678468781241
feature_untellable_penal_allegorization,feature_agaze_lancinate_zohar,0.997564174458876
feature_untinged_crystallographic_succulent,feature_eruciform_scorbutic_overkill,1
feature_untouchable_unsolvable_agouti,feature_certificated_putrescent_godship,0.996158890492844
feature_untransmuted_homeric_crevice,feature_coequal_ambient_philopena,0.991099868215124
feature_untrimmed_monaxial_accompanist,feature_plumular_constantinian_repositing,0.985291361155521
feature_untumbled_histologic_inion,feature_styloid_subdermal_cytotoxin,1
feature_unvaried_social_bangkok,feature_unsustaining_chewier_adnoun,1
feature_unwarrantable_egotistic_guayule,feature_herpetologic_unjoyful_lodgepole,0.997938916849818
feature_unwatered_sightable_hardtack,feature_ultra_unpolluted_adsorbent,0.998969458424909
feature_unweary_congolese_captain,feature_guardant_giocoso_natterjack,1
feature_unwinding_prettyish_megger,feature_tinkly_driftiest_maurya,0.996158890492843
feature_unwonted_trusted_fixative,feature_massive_demisable_spouse,0.985666103546463
feature_unwrung_corkiest_jarvey,feature_hated_twiggiest_mash,0.978452312520827
feature_upturned_epicanthic_galilee,feature_octopod_skirting_jurat,0.997002060872463
feature_uretic_seral_decoding,feature_anglophobic_unformed_maneuverer,0.98341764920081
feature_urochordal_swallowed_curn,feature_geochemical_unsavoury_collection,0.969926923126894
feature_vaunting_offshore_bogey,feature_gravest_insincere_bronwen,0.873805499850236
feature_vedic_laryngitic_battuta,feature_legged_spatiotemporal_basalt,1
feature_vedic_mitral_swiz,feature_litigant_unsizable_rhebok,1
feature_venatic_intermetallic_darling,feature_geostrophic_adaptative_karla,0.998594716033967
feature_verism_awing_countrywoman,feature_undisguised_photoelectric_floorboard,0.99559677690643
feature_vestmental_hoofed_transpose,feature_crookback_workable_infringement,0.926269434582134
feature_vibrational_schooled_quadrivalence,feature_petitory_norwegian_tsaritza,1
feature_virtual_standard_instigator,feature_martial_hallowed_incorruptibility,1
feature_viverrine_lockable_quitch,feature_tetraploid_vorticose_mil,0.988195614685323
feature_vizierial_courtlier_hampton,feature_dustproof_unafraid_stampede,0.995877833699637
feature_volitional_ascensive_selfhood,feature_nappiest_unportioned_readjustment,1
feature_voltairean_consolidative_parallel,feature_bratty_disrespectable_bookstand,0.987727186696645
feature_voltairean_dyslogistic_epagoge,feature_subinfeudatory_brainy_carmel,0.997376803263405
feature_voltairian_blackened_lodge,feature_pinnatiped_unelected_irreverence,0.985197675557786
feature_vulcanological_sepulchral_spean,feature_jazziest_spellbinding_philabeg,0.995784148101901
feature_wale_planned_tolstoy,feature_diverted_astral_dunghill,0.991380925008331
feature_wastable_nobler_peeling,feature_wendish_synchronal_advertency,1
feature_watery_behaviorist_incitation,feature_improbable_pouched_gaitskell,0.977047028554794
feature_wavier_estranged_handstand,feature_thrasonical_subaltern_inoculation,0.976672286163852
feature_waving_unmourned_bloke,feature_adjustable_ruffled_lumberjacket,0.996908375274727
feature_waxiest_orthogonal_hiroshima,feature_unchaste_raisable_tetraploidy,0.996065204895108
feature_weldable_beribboned_margate,feature_twiggier_fogged_prosodist,0.937230649517192
feature_westering_immunosuppressive_crapaud,feature_relinquished_incognizable_batholith,1
feature_whatsoe'er_discredited_faerie,feature_saut_shalwar_culpability,0.893573160972433
feature_whistleable_unbedimmed_chokey,feature_unnameable_abysmal_net,0.987446129903438
feature_whitened_remanent_blast,feature_approximal_telautographic_sharkskin,0.970957464701984
feature_whitewashed_aliunde_mesopotamia,feature_fatalistic_cramoisy_locative,0.933483225607771
feature_wholesale_contrived_caracole,feature_intromittent_evasive_swordcraft,0.969083752747274
feature_whopping_eminent_attempter,feature_milliary_hyperpyretic_medea,0.999531572011323
feature_wicker_crescent_slavocrat,feature_sophistic_translucid_abutment,1
feature_widespread_mannish_seaquake,feature_incredible_glimmering_hoydenism,0.996252576090579
feature_wieldable_defiled_aperitive,feature_unforgivable_airtight_reinsurance,0.943039156576795
feature_wiliest_specialistic_azrael,feature_effortful_inenarrable_johnsonianism,1
feature_winsome_irreproachable_milkfish,feature_unreproved_cultish_glioma,0.99747048886114
feature_wispy_reverberating_fyrd,feature_supportive_sublime_phenolic,0.996533632883785
feature_wombed_reverberatory_colourer,feature_guerrilla_arrested_flavine,0.937136963919457
feature_wry_bursal_treadler,feature_augmentable_scriabin_fortnight,0.953063515534497
feature_yankee_nonary_okavango,feature_biosynthetic_wambly_cullender,0.919336700349706
feature_yearning_tippy_taking,feature_pacifist_unmeaning_haslet,0.997938916849818
feature_zarathustrian_albigensian_itch,feature_underdressed_tanagrine_prying,0.983323963603075
feature_zionist_enterable_vagabond,feature_daytime_arching_expropriator,0.990725125824182
feature_zoochemical_brimful_hector,feature_undebauched_cobaltic_guerrilla,0.998032602447554
feature_zymotic_varnished_mulga,feature_wrought_muckier_temporality,0.991849352997009
